rank,school_name,state,school_sector,school_type,icsea,value_score,affordability_percentile,sa2_name
1,"Erasmus Primary School",VIC,"Independent","Primary",1187,94.77,91.21,"Hawthorn - South"
2,"Blue Gum Community School",ACT,"Independent","Combined",1164,94.4,93.25,"Hackett"
3,"Christ Church Grammar School",VIC,"Independent","Primary",1213,94.34,90.35,"South Yarra - West"
4,"The Beehive Montessori School",WA,"Independent","Combined",1181,94.27,93.44,"Mosman Park - Peppermint Grove"
5,"Lauriston Girls' School",VIC,"Independent","Combined",1199,94.22,88.76,"Armadale"
6,"Wesley College",VIC,"Independent","Combined",1172,94.06,90.35,"South Yarra - West"
7,"St Hilda's Anglican School for Girls",WA,"Independent","Combined",1171,94.04,93.44,"Mosman Park - Peppermint Grove"
8,"Scotch College",VIC,"Independent","Combined",1188,93.88,91.21,"Hawthorn - South"
9,"Presbyterian Ladies' College",WA,"Independent","Combined",1159,93.71,93.44,"Mosman Park - Peppermint Grove"
10,"Quintilian School",WA,"Independent","Primary",1182,93.5,89.15,"Swanbourne - Mount Claremont"
11,"Melbourne Grammar School",VIC,"Independent","Combined",1177,92.67,90.35,"South Yarra - West"
12,"Melbourne Girls Grammar",VIC,"Independent","Combined",1181,92.28,86.29,"South Yarra - North"
13,"Sacre Coeur",VIC,"Catholic","Combined",1171,91.98,86.18,"Malvern - Glen Iris"
14,"O'Connor Cooperative School",ACT,"Government","Primary",1141,91.75,88.37,"O'Connor (ACT)"
15,"The King David School",VIC,"Independent","Combined",1165,91.65,87.84,"Prahran - Windsor"
16,"Korowa Anglican Girls' School",VIC,"Independent","Combined",1183,91.64,86.18,"Malvern - Glen Iris"
17,"St Michael's Grammar School",VIC,"Independent","Combined",1180,91.6,83.28,"St Kilda - Central"
18,"Perth College",WA,"Independent","Combined",1138,91.6,92.94,"Mount Lawley - Inglewood"
19,"Walford Anglican School for Girls",SA,"Independent","Combined",1162,91.31,86.66,"Goodwood - Millswood"
20,"Sholem Aleichem College",VIC,"Independent","Primary",1168,91.24,83.89,"Elsternwick"
21,"St Catherine's School",VIC,"Independent","Combined",1175,91.18,82.53,"Toorak"
22,"SCEGGS Darlinghurst",NSW,"Independent","Combined",1209,91.17,81.13,"Darlinghurst"
23,"Moerlina School",WA,"Independent","Primary",1143,91.12,89.15,"Swanbourne - Mount Claremont"
24,"Saint Ignatius' College",NSW,"Independent","Combined",1159,91.03,86.13,"Greenwich - Riverview"
25,"Lowther Hall Anglican Grammar School",VIC,"Independent","Combined",1161,90.86,86.85,"Essendon - East"
26,"Canberra Grammar School",ACT,"Independent","Combined",1187,90.86,91.85,"Red Hill (ACT)"
27,"St Anthony's School",VIC,"Catholic","Primary",1141,90.81,91.41,"Alphington - Fairfield"
28,"Clayfield College",QLD,"Independent","Combined",1135,90.78,90.54,"Clayfield"
29,"Sydney Grammar School",NSW,"Independent","Combined",1274,90.59,81.13,"Darlinghurst"
30,"The Geelong College",VIC,"Independent","Combined",1156,90.57,86.92,"Newtown (Vic.)"
31,"St Columba's School",VIC,"Catholic","Primary",1152,90.5,88.61,"Elwood"
32,"St Kevin's College",VIC,"Catholic","Combined",1192,90.49,82.53,"Toorak"
33,"Stuartholme School",QLD,"Catholic","Combined",1159,90.43,92.02,"Bardon"
34,"International School of Western Australia",WA,"Independent","Combined",1180,90.42,80.26,"Innaloo - Doubleview"
35,"St Roch's School",VIC,"Catholic","Primary",1166,90.36,86.18,"Malvern - Glen Iris"
36,"Sophia Mundi Steiner School",VIC,"Independent","Combined",1140,90.36,84.8,"Abbotsford"
37,"Mater Dei Catholic Primary School",QLD,"Catholic","Primary",1160,89.86,90.78,"Ashgrove"
38,"Loreto Mandeville Hall",VIC,"Catholic","Combined",1167,89.85,82.53,"Toorak"
39,"St Peter's College",SA,"Independent","Combined",1164,89.84,85.26,"St Peters - Marden"
40,"Canberra Girls Grammar School",ACT,"Independent","Combined",1177,89.81,84.46,"Deakin"
41,"Mt St Michael's College",QLD,"Catholic","Combined",1155,89.79,90.78,"Ashgrove"
42,"Bold Park Community School",WA,"Independent","Combined",1117,89.44,90.72,"Wembley - West Leederville - Glendalough"
43,"St Joseph's School",VIC,"Catholic","Primary",1156,89.26,86.18,"Malvern - Glen Iris"
44,"Alia College",VIC,"Independent","Secondary",1130,89.14,84.09,"Hawthorn East"
45,"Mosman Church of England Preparatory School",NSW,"Independent","Primary",1206,88.98,74.41,"Mosman - South"
46,"Scotch College",SA,"Independent","Combined",1146,88.93,88.45,"Mitcham (SA)"
47,"Cameragal Montessori School",NSW,"Independent","Primary",1179,88.84,73.7,"North Sydney - Lavender Bay"
48,"St Vincent's College",NSW,"Independent","Secondary",1145,88.84,87.47,"Potts Point - Woolloomooloo"
49,"Hubbard's School",QLD,"Independent","Secondary",1143,88.65,86.15,"Paddington - Milton"
50,"St Andrew's School",SA,"Independent","Primary",1191,88.64,80.03,"Walkerville"
51,"Bialik College",VIC,"Independent","Combined",1164,88.54,84.09,"Hawthorn East"
52,"Scotch College",WA,"Independent","Combined",1129,88.54,89.15,"Swanbourne - Mount Claremont"
53,"Deutsche Schule Melbourne",VIC,"Independent","Primary",1186,88.48,73.84,"Fitzroy North"
54,"Orana Steiner School",ACT,"Independent","Combined",1136,88.48,86.71,"Weston"
55,"John XXIII College",WA,"Catholic","Combined",1186,88.47,89.15,"Swanbourne - Mount Claremont"
56,"Rossbourne School",VIC,"Independent","Special",1100,88.43,91.21,"Hawthorn - South"
57,"Annesley College",SA,"Independent","Primary",1164,88.42,86.66,"Goodwood - Millswood"
58,"Yesodei HaTorah College",VIC,"Independent","Combined",1112,88.29,88.61,"Elwood"
59,"Inner Sydney Montessori School",NSW,"Independent","Primary",1178,88.13,71.38,"Lilyfield - Rozelle"
60,"Iona Presentation College",WA,"Catholic","Combined",1141,88.08,93.44,"Mosman Park - Peppermint Grove"
61,"Turner School",ACT,"Government","Primary",1141,87.99,90.22,"Turner"
62,"Kilvington Grammar School",VIC,"Independent","Combined",1182,87.98,72.57,"Ormond - Glen Huntly"
63,"Dara School",SA,"Independent","Combined",1176,87.95,73.27,"Morphettville"
64,"Glen Park Primary School",VIC,"Government","Primary",1110,87.94,88.09,"Ballarat North - Invermay"
65,"Wilderness School",SA,"Independent","Combined",1176,87.83,80.03,"Walkerville"
66,"Carmel School",WA,"Independent","Combined",1149,87.73,79.52,"Yokine - Coolbinia - Menora"
67,"Lance Holt School",WA,"Independent","Primary",1158,87.63,81.82,"Fremantle"
68,"Ascham School",NSW,"Independent","Combined",1217,87.61,69.33,"Double Bay - Darling Point"
69,"Alphington Grammar School",VIC,"Independent","Combined",1150,87.58,82.6,"Clifton Hill - Alphington"
70,"Spensley Street Primary School",VIC,"Government","Primary",1170,87.57,82.6,"Clifton Hill - Alphington"
71,"Holy Cross School",QLD,"Catholic","Primary",1137,87.55,82.35,"Wooloowin - Lutwyche"
72,"Campbell High School",ACT,"Government","Secondary",1120,87.55,92.24,"Campbell"
73,"St Patrick's Special School",SA,"Catholic","Special",1115,87.44,81.37,"Toorak Gardens"
74,"SHORE - Sydney Church of England Grammar School",NSW,"Independent","Combined",1205,87.33,73.7,"North Sydney - Lavender Bay"
75,"De La Salle College",VIC,"Catholic","Combined",1131,87.25,86.18,"Malvern - Glen Iris"
76,"Wesley College",WA,"Independent","Combined",1147,87.22,83.98,"South Perth - Kensington"
77,"Fitzroy Community School",VIC,"Independent","Primary",1221,87.07,73.84,"Fitzroy North"
78,"Campbell Primary School",ACT,"Government","Primary",1136,87.01,92.24,"Campbell"
79,"Brunswick East Primary School",VIC,"Government","Primary",1162,86.98,82.57,"Brunswick East"
80,"Pembroke School",SA,"Independent","Combined",1171,86.88,73.46,"Burnside - Wattle Park"
81,"Brunswick South Primary School",VIC,"Government","Primary",1171,86.86,82.57,"Brunswick East"
82,"Blessed Sacrament Catholic Primary School",NSW,"Catholic","Primary",1188,86.85,74.41,"Mosman - South"
83,"Monte Sant' Angelo Mercy College",NSW,"Independent","Secondary",1179,86.76,73.7,"North Sydney - Lavender Bay"
84,"Hillbrook Anglican School",QLD,"Independent","Secondary",1174,86.69,82.12,"Enoggera"
85,"Ivanhoe Girls' Grammar School",VIC,"Independent","Combined",1181,86.61,71.45,"Ivanhoe"
86,"The Scots School Albury",NSW,"Independent","Combined",1132,86.59,91.28,"Albury - South"
87,"Wenona School",NSW,"Independent","Combined",1187,86.58,73.7,"North Sydney - Lavender Bay"
88,"Cranbrook School",NSW,"Independent","Combined",1181,86.57,70.56,"Bellevue Hill"
89,"St Ambrose's Primary School",QLD,"Catholic","Primary",1160,86.57,90.84,"Newmarket"
90,"Scotch Oakburn College",TAS,"Independent","Combined",1119,86.54,87.14,"Newstead"
91,"Our Lady of Lourdes School",VIC,"Catholic","Primary",1142,86.54,87.84,"Prahran - Windsor"
92,"Melbourne High School",VIC,"Government","Secondary",1195,86.52,86.29,"South Yarra - North"
93,"Brisbane Montessori School",QLD,"Independent","Combined",1128,86.52,84.88,"Fig Tree Pocket"
94,"Goulburn Valley Grammar School",VIC,"Independent","Combined",1128,86.5,87.27,"Shepparton - North"
95,"Telopea Park School",ACT,"Government","Combined",1153,86.44,91.74,"Barton"
96,"Malvern Primary School",VIC,"Government","Primary",1163,86.43,86.18,"Malvern - Glen Iris"
97,"Auburn High School",VIC,"Government","Secondary",1140,86.32,84.09,"Hawthorn East"
98,"Oakleigh State School",QLD,"Government","Primary",1153,86.31,90.78,"Ashgrove"
99,"The Hamilton and Alexandra College",VIC,"Independent","Combined",1107,86.29,88.93,"Hamilton (Vic.)"
100,"Camberwell Girls Grammar School",VIC,"Independent","Combined",1180,86.29,69.06,"Surrey Hills (West) - Canterbury"
101,"Mercedes College",SA,"Catholic","Combined",1133,86.27,88.45,"Mitcham (SA)"
102,"St Aidan's Anglican Girls School",QLD,"Independent","Combined",1168,86.24,81.33,"Corinda"
103,"Queenwood",NSW,"Independent","Combined",1172,86.23,69.35,"Mosman - North"
104,"Kamaruka",VIC,"Independent","Special",1094,86.22,86.29,"South Yarra - North"
105,"Radford College",ACT,"Independent","Combined",1203,86.21,83.73,"Bruce"
106,"The Scots College",NSW,"Independent","Combined",1162,86.16,70.56,"Bellevue Hill"
107,"Alice Springs Steiner School",NT,"Independent","Combined",1085,86.14,99.48,"Ross"
108,"Toowoomba Anglican School",QLD,"Independent","Combined",1132,86,88.31,"Toowoomba - East"
109,"Penrhos College",WA,"Independent","Combined",1143,85.94,77.96,"Como"
110,"Caulfield Grammar School",VIC,"Independent","Combined",1157,85.93,72.32,"Caulfield - North"
111,"Mentone Girls' Grammar School",VIC,"Independent","Combined",1174,85.92,67.78,"Mentone"
112,"Yerecoin Primary School",WA,"Government","Primary",1074,85.92,96.64,"Moora"
113,"Brisbane Independent School",QLD,"Independent","Primary",1135,85.89,79.12,"Pinjarra Hills - Pullenvale"
114,"Fairfield Primary School",VIC,"Government","Primary",1170,85.88,91.41,"Alphington - Fairfield"
115,"Hale School",WA,"Independent","Combined",1161,85.87,73.63,"Wembley Downs - Churchlands - Woodlands"
116,"Townsville Grammar School",QLD,"Independent","Combined",1116,85.83,89.34,"Townsville City - North Ward"
117,"Loreto College Coorparoo",QLD,"Catholic","Combined",1148,85.64,86.58,"Coorparoo"
118,"The Launceston Preparatory School",TAS,"Independent","Primary",1143,85.59,87.14,"Newstead"
119,"Curtin Primary School",ACT,"Government","Primary",1146,85.55,90.65,"Curtin"
120,"Chrysalis Montessori School",WA,"Independent","Primary",1168,85.37,90.72,"Wembley - West Leederville - Glendalough"
121,"Shirley Smith High School",ACT,"Government","Secondary",1078,85.37,99.82,"Kenny"
122,"Ballarat Clarendon College",VIC,"Independent","Combined",1172,85.34,83.01,"Ballarat"
123,"Loreto Kirribilli",NSW,"Independent","Combined",1189,85.32,71.74,"Neutral Bay - Kirribilli"
124,"Fairholme College",QLD,"Independent","Combined",1110,85.29,88.31,"Toowoomba - East"
125,"Kensington Primary School",VIC,"Government","Primary",1153,85.26,87.72,"Kensington (Vic.)"
126,"Rainworth State School",QLD,"Government","Primary",1206,85.25,92.02,"Bardon"
127,"Ivanhoe Grammar School",VIC,"Independent","Combined",1169,85.24,71.45,"Ivanhoe"
128,"St John's Grammar School",SA,"Independent","Combined",1141,85.18,84.54,"Belair"
129,"TSH (Teach, Speak, Hear)",WA,"Independent","Special",1097,85.12,90.72,"Wembley - West Leederville - Glendalough"
130,"Abbotsford Primary School",VIC,"Government","Primary",1143,85.11,84.8,"Abbotsford"
131,"St Peter's Collegiate Girls' School",SA,"Independent","Combined",1180,85.1,73.46,"Burnside - Wattle Park"
132,"Brisbane Girls Grammar School",QLD,"Independent","Secondary",1211,85.05,65.84,"Spring Hill"
133,"South Yarra Primary School",VIC,"Government","Primary",1152,84.99,90.35,"South Yarra - West"
134,"Bardon State School",QLD,"Government","Primary",1147,84.93,92.02,"Bardon"
135,"St Margaret Mary's School",VIC,"Catholic","Primary",1122,84.85,77.84,"Newport"
136,"St Aloysius' College",NSW,"Independent","Combined",1223,84.82,71.74,"Neutral Bay - Kirribilli"
137,"Red Hill Special School",QLD,"Government","Special",1090,84.79,82.44,"Red Hill (Qld)"
138,"Marist College Canberra",ACT,"Independent","Combined",1142,84.77,88.42,"Pearce"
139,"St Rita's College",QLD,"Catholic","Combined",1153,84.68,90.54,"Clayfield"
140,"Glenferrie Primary School",VIC,"Government","Primary",1160,84.66,91.21,"Hawthorn - South"
141,"North Ainslie Primary School",ACT,"Government","Primary",1145,84.58,93.1,"Ainslie"
142,"Perth Modern School",WA,"Government","Secondary",1230,84.55,83.33,"Subiaco - Shenton Park"
143,"Marist College Ashgrove",QLD,"Catholic","Combined",1139,84.54,90.78,"Ashgrove"
144,"Alice Miller School",VIC,"Independent","Combined",1139,84.43,75.65,"Macedon"
145,"Evelyn Scott School",ACT,"Government","Combined",1107,84.42,89.26,"Denman Prospect"
146,"Forrest Primary School",ACT,"Government","Primary",1145,84.4,94.55,"Forrest"
147,"Holy Rosary School",VIC,"Catholic","Primary",1149,84.37,87.72,"Kensington (Vic.)"
148,"Newmark Primary",VIC,"Independent","Primary",1134,84.36,76.62,"Williamstown"
149,"Anglican Church Grammar School",QLD,"Independent","Combined",1170,84.35,72.11,"East Brisbane"
150,"Greenwich Public School",NSW,"Government","Primary",1175,84.34,86.13,"Greenwich - Riverview"
151,"Brisbane Boys' College",QLD,"Independent","Combined",1164,84.28,68.74,"Toowong"
152,"The Essington School",NT,"Independent","Combined",1128,84.27,85.07,"Rapid Creek"
153,"Merici College",ACT,"Catholic","Secondary",1138,84.24,86.89,"Braddon"
154,"St Joseph's School",VIC,"Catholic","Primary",1156,84.11,91.21,"Hawthorn - South"
155,"Maroona Primary School",VIC,"Government","Primary",1064,84.1,95.99,"Ararat Surrounds"
156,"Leibler Yavneh College",VIC,"Independent","Combined",1123,84.1,83.89,"Elsternwick"
157,"St Mary of the Cross School",QLD,"Catholic","Primary",1100,84.09,79.9,"Windsor"
158,"St Finbarr's School",QLD,"Catholic","Primary",1151,84.05,90.78,"Ashgrove"
159,"Brindabella Christian College",ACT,"Independent","Combined",1154,84.04,84.19,"Lyneham"
160,"SCECGS Redlands",NSW,"Independent","Combined",1190,84,65.56,"Cremorne - Cammeray"
161,"Clifton Hill Primary School",VIC,"Government","Primary",1186,83.97,82.6,"Clifton Hill - Alphington"
162,"Brisbane Grammar School",QLD,"Independent","Combined",1210,83.94,65.84,"Spring Hill"
163,"Majura Primary School",ACT,"Government","Primary",1135,83.91,87.92,"Watson"
164,"Red Hill Primary School",ACT,"Government","Primary",1133,83.86,91.85,"Red Hill (ACT)"
165,"Methodist Ladies' College",WA,"Independent","Combined",1190,83.85,62.09,"Claremont (WA)"
166,"Essendon Primary School",VIC,"Government","Primary",1137,83.8,86.85,"Essendon - East"
167,"Babakin Primary School",WA,"Government","Primary",1054,83.79,96.06,"Merredin"
168,"Villanova College",QLD,"Catholic","Combined",1135,83.75,86.58,"Coorparoo"
169,"Ainslie School",ACT,"Government","Primary",1130,83.72,86.89,"Braddon"
170,"St Francis of Assisi Regional Catholic Primary School",NSW,"Catholic","Primary",1167,83.71,79.69,"Paddington - Moore Park"
171,"Northcote High School",VIC,"Government","Secondary",1153,83.71,78.24,"Northcote - West"
172,"Wilston State School",QLD,"Government","Primary",1165,83.68,92.44,"Grange"
173,"Sacred Heart Primary School",ACT,"Catholic","Primary",1131,83.66,88.42,"Pearce"
174,"Paddington Public School",NSW,"Government","Primary",1155,83.65,79.69,"Paddington - Moore Park"
175,"Fyans Park Primary School",VIC,"Government","Primary",1131,83.58,86.92,"Newtown (Vic.)"
176,"Mary Immaculate School",VIC,"Catholic","Primary",1147,83.57,71.45,"Ivanhoe"
177,"Hensman Street Elementary",WA,"Independent","Primary",1080,83.54,83.98,"South Perth - Kensington"
178,"Eltham College",VIC,"Independent","Combined",1139,83.53,68.63,"Research - North Warrandyte"
179,"Perth Montessori School",WA,"Independent","Combined",1115,83.53,74.03,"Victoria Park - Lathlain - Burswood"
180,"Our Lady Help of Christians School",VIC,"Catholic","Primary",1124,83.49,82.57,"Brunswick East"
181,"Yeronga State School",QLD,"Government","Primary",1126,83.49,84.42,"Yeronga"
182,"Armadale Primary School",VIC,"Government","Primary",1156,83.45,88.76,"Armadale"
183,"Woodline Primary",VIC,"Independent","Primary",1100,83.44,78.95,"Highton"
184,"Toowoomba Grammar School",QLD,"Independent","Combined",1096,83.41,88.31,"Toowoomba - East"
185,"St Joseph's School",QLD,"Catholic","Primary",1170,83.39,92.02,"Bardon"
186,"IES College",QLD,"Independent","Secondary",1125,83.37,65.84,"Spring Hill"
187,"Newcastle Grammar School",NSW,"Independent","Combined",1181,83.29,65.49,"Newcastle - Cooks Hill"
188,"Swinburne Senior Secondary College",VIC,"Government","Secondary",1093,83.26,91.21,"Hawthorn - South"
189,"Prince Alfred College",SA,"Independent","Combined",1143,83.23,66.35,"Norwood (SA)"
190,"Strathcona Baptist Girls' Grammar",VIC,"Independent","Combined",1135,83.22,69.06,"Surrey Hills (West) - Canterbury"
191,"St Mary's Anglican Girls' School",WA,"Independent","Combined",1151,83.17,65.68,"Karrinyup - Gwelup - Carine"
192,"School Of Isolated and Distance Education",WA,"Government","Combined",1063,83.16,89.75,"Mount Hawthorn - Leederville"
193,"Concordia College (St Peters Campus, Blackwood)",SA,"Independent","Primary",1119,83.13,79.02,"Blackwood"
194,"Concordia College",SA,"Independent","Combined",1140,83.1,78.61,"Unley - Parkside"
195,"Saint Ignatius' College",SA,"Catholic","Combined",1151,83.08,71.11,"Athelstone"
196,"Murrumbeena Primary School",VIC,"Government","Primary",1161,83.07,79.06,"Murrumbeena"
197,"St Mary's College Melbourne",VIC,"Catholic","Secondary",1093,83.07,87.05,"St Kilda East"
198,"Ashgrove State School",QLD,"Government","Primary",1183,83.05,90.78,"Ashgrove"
199,"Christ Church Grammar School",WA,"Independent","Combined",1193,82.87,62.09,"Claremont (WA)"
200,"Mount Alvernia College",QLD,"Catholic","Secondary",1115,82.81,84.57,"Kedron - Gordon Park"
201,"St Thomas More's Primary School",ACT,"Catholic","Primary",1145,82.72,92.24,"Campbell"
202,"Newstead Christian School",TAS,"Independent","Combined",1080,82.71,87.14,"Newstead"
203,"Carey Baptist Grammar School",VIC,"Independent","Combined",1177,82.59,57.78,"Kew - South"
204,"Newington College",NSW,"Independent","Combined",1182,82.57,59.17,"Petersham - Stanmore"
205,"Omni Academies of Learning",QLD,"Independent","Secondary",1151,82.52,68.74,"Toowong"
206,"Fitzroy North Primary School",VIC,"Government","Primary",1150,82.49,73.84,"Fitzroy North"
207,"Petrie Terrace State School",QLD,"Government","Primary",1130,82.46,86.15,"Paddington - Milton"
208,"Hawthorn West Primary School",VIC,"Government","Primary",1165,82.44,88.53,"Hawthorn - North"
209,"Daramalan College",ACT,"Independent","Secondary",1127,82.43,76.7,"Dickson"
210,"Eagle Junction State School",QLD,"Government","Primary",1153,82.43,90.54,"Clayfield"
211,"Spalding Primary School",SA,"Government","Primary",1057,82.43,94.61,"Jamestown"
212,"Ruyton Girls' School",VIC,"Independent","Combined",1198,82.42,57.78,"Kew - South"
213,"Hughes Primary School",ACT,"Government","Primary",1157,82.41,92.01,"Hughes"
214,"Toowong State School",QLD,"Government","Primary",1121,82.39,68.74,"Toowong"
215,"St Sebastian's Primary School",QLD,"Catholic","Primary",1113,82.34,84.42,"Yeronga"
216,"St Mary's School",VIC,"Catholic","Primary",1158,82.33,71.66,"Malvern East"
217,"St Robert's School",VIC,"Catholic","Primary",1099,82.32,86.92,"Newtown (Vic.)"
218,"MacRobertson Girls High School",VIC,"Government","Secondary",1186,82.28,75.12,"Albert Park"
219,"Methodist Ladies' College",VIC,"Independent","Combined",1190,82.27,57.78,"Kew - South"
220,"Brunswick Secondary College",VIC,"Government","Secondary",1119,82.24,80.17,"Brunswick - South"
221,"St Joseph's School",VIC,"Catholic","Primary",1164,82.24,83.89,"Elsternwick"
222,"Galilee Regional Catholic Primary School",VIC,"Catholic","Primary",1154,82.24,86.44,"South Melbourne"
223,"Bongongo Public School",NSW,"Government","Primary",1062,82.22,90.29,"Gundagai"
224,"Malvern Central School",VIC,"Government","Primary",1163,82.22,86.18,"Malvern - Glen Iris"
225,"Fig Tree Pocket State School",QLD,"Government","Primary",1169,82.22,84.88,"Fig Tree Pocket"
226,"The Anglican School Googong",NSW,"Independent","Combined",1129,82.2,74.76,"Googong"
227,"Casa Mia Montessori Community School",WA,"Independent","Primary",1094,82.19,75.57,"Bassendean - Eden Hill - Ashfield"
228,"Northcote Primary School",VIC,"Government","Primary",1166,82.18,78.24,"Northcote - West"
229,"Auburn Primary School",VIC,"Government","Primary",1162,82.17,84.09,"Hawthorn East"
230,"Holy Spirit School",QLD,"Catholic","Primary",1138,82.16,88.74,"New Farm"
231,"Moonee Ponds Primary School",VIC,"Government","Primary",1145,82.12,84.26,"Moonee Ponds"
232,"Auburn South Primary School",VIC,"Government","Primary",1165,82.11,84.09,"Hawthorn East"
233,"Santa Maria College",WA,"Independent","Combined",1133,82.1,77.49,"Melville"
234,"Christian College Geelong",VIC,"Independent","Combined",1098,82.03,78.95,"Highton"
235,"Braemar College",VIC,"Independent","Combined",1121,82.01,75.65,"Macedon"
236,"Lyneham High School",ACT,"Government","Secondary",1132,81.97,84.19,"Lyneham"
237,"Preshil, The Margaret Lyttle Memorial School",VIC,"Independent","Combined",1154,81.94,57.78,"Kew - South"
238,"Our Lady of Fatima School",WA,"Catholic","Primary",1116,81.92,82.25,"Bicton - Palmyra"
239,"Sydney Girls High School",NSW,"Government","Secondary",1193,81.9,79.69,"Paddington - Moore Park"
240,"Ascot Vale Primary School",VIC,"Government","Primary",1140,81.89,82.96,"Ascot Vale"
241,"Alfred Deakin High School",ACT,"Government","Secondary",1132,81.87,84.46,"Deakin"
242,"Victorian College Of The Arts Secondary School",VIC,"Government","Secondary",1141,81.85,64.45,"Southbank - East"
243,"Yarralumla Primary School",ACT,"Government","Primary",1142,81.83,88.4,"Yarralumla"
244,"St Joseph's School",VIC,"Catholic","Primary",1124,81.82,76.23,"Brunswick West"
245,"St Patrick's College",QLD,"Catholic","Combined",1092,81.76,91.07,"Sandgate - Shorncliffe"
246,"Queensland Academy for Science Mathematics and Technology",QLD,"Government","Secondary",1220,81.73,68.74,"Toowong"
247,"Mancel College",QLD,"Independent","Special",1084,81.7,84.88,"Fig Tree Pocket"
248,"St Kilda Park Primary School",VIC,"Government","Primary",1142,81.64,84.61,"St Kilda - West"
249,"Elwood College",VIC,"Government","Secondary",1096,81.61,88.61,"Elwood"
250,"St Columba's Primary School",QLD,"Catholic","Primary",1155,81.55,92.44,"Grange"
251,"Melbourne Girls College",VIC,"Government","Secondary",1142,81.53,83.69,"Richmond (South) - Cremorne"
252,"St Joseph's School",VIC,"Catholic","Primary",1110,81.52,78.24,"Northcote - West"
253,"Mount Macedon Primary School",VIC,"Government","Primary",1147,81.49,75.65,"Macedon"
254,"Alphington Primary School",VIC,"Government","Primary",1173,81.43,82.6,"Clifton Hill - Alphington"
255,"The Hills Montessori School",SA,"Independent","Combined",1105,81.42,78.29,"Aldgate - Stirling"
256,"Cottesloe Primary School",WA,"Government","Primary",1153,81.36,93.44,"Mosman Park - Peppermint Grove"
257,"Siena College Ltd",VIC,"Catholic","Secondary",1153,81.34,69.06,"Surrey Hills (West) - Canterbury"
258,"Canberra Montessori School",ACT,"Independent","Primary",1128,81.34,73.43,"Holder"
259,"Regent College",WA,"Independent","Primary",1142,81.29,74.03,"Victoria Park - Lathlain - Burswood"
260,"St Agatha's Primary School",QLD,"Catholic","Primary",1159,81.26,90.54,"Clayfield"
261,"Xavier College",VIC,"Catholic","Combined",1154,81.25,57.78,"Kew - South"
262,"Cudgee Primary School",VIC,"Government","Primary",1052,81.24,93.72,"Moyne - East"
263,"Mentone Grammar School",VIC,"Independent","Combined",1144,81.22,67.78,"Mentone"
264,"Holy Trinity Primary School",ACT,"Catholic","Primary",1145,81.21,90.65,"Curtin"
265,"Giant Steps Melbourne",VIC,"Independent","Primary",1125,81.21,61.17,"Kew - West"
266,"Helena College",WA,"Independent","Combined",1114,81.2,75.04,"Glen Forrest - Darlington"
267,"Sydney Boys High School",NSW,"Government","Secondary",1189,81.16,79.69,"Paddington - Moore Park"
268,"Wembley Primary School",WA,"Government","Primary",1166,81.16,90.72,"Wembley - West Leederville - Glendalough"
269,"Santa Maria College",VIC,"Catholic","Secondary",1110,81.11,77.9,"Northcote - East"
270,"Trinity Grammar School Kew",VIC,"Independent","Combined",1180,81.09,57.78,"Kew - South"
271,"Andale School",VIC,"Independent","Special",1132,81.07,57.78,"Kew - South"
272,"North Sydney Boys High School",NSW,"Government","Secondary",1195,81.07,73.7,"North Sydney - Lavender Bay"
273,"Swanbourne Primary School",WA,"Government","Primary",1149,81.03,89.15,"Swanbourne - Mount Claremont"
274,"Milton State School",QLD,"Government","Primary",1151,81,86.15,"Paddington - Milton"
275,"Mount Lawley Primary School",WA,"Government","Primary",1155,80.99,92.94,"Mount Lawley - Inglewood"
276,"Tombolo Academy",VIC,"Independent","Special",1119,80.98,66.5,"Hampton"
277,"Chilwell Primary School",VIC,"Government","Primary",1139,80.97,86.92,"Newtown (Vic.)"
278,"Ballarat Steiner School",VIC,"Independent","Primary",1076,80.97,81.49,"Buninyong"
279,"Lourdes Hill College",QLD,"Catholic","Combined",1120,80.96,92.82,"Hawthorne"
280,"Graceville State School",QLD,"Government","Primary",1156,80.95,82.93,"Chelmer - Graceville"
281,"St Dominic's School",WA,"Catholic","Primary",1108,80.92,80.26,"Innaloo - Doubleview"
282,"St Kilda Primary School",VIC,"Government","Primary",1126,80.9,83.28,"St Kilda - Central"
283,"St Bernadette's School",VIC,"Catholic","Primary",1149,80.89,71.45,"Ivanhoe"
284,"Wellers Hill State School",QLD,"Government","Primary",1139,80.88,84.52,"Tarragindi"
285,"Hawker Primary School",ACT,"Government","Primary",1129,80.85,88.54,"Hawker"
286,"St Benedict School",SA,"Independent","Primary",1109,80.85,76.94,"Adelaide Hills"
287,"St Joseph's College",NSW,"Independent","Secondary",1130,80.84,70.59,"Hunters Hill - Woolwich"
288,"Our Lady of Perpetual Succour School",VIC,"Catholic","Primary",1142,80.77,67.19,"Surrey Hills (East) - Mont Albert"
289,"Yarranlea Primary School",QLD,"Independent","Primary",1146,80.77,62.15,"Mount Gravatt"
290,"East Fremantle Primary School",WA,"Government","Primary",1149,80.76,81.82,"Fremantle"
291,"Port Neill Primary School",SA,"Government","Primary",1060,80.73,87.5,"Eyre Peninsula"
292,"St John Paul II College",ACT,"Catholic","Secondary",1089,80.72,86.55,"Nicholls"
293,"Comet State School",QLD,"Government","Primary",1038,80.69,98.14,"Central Highlands - West"
294,"Newmarket State School",QLD,"Government","Primary",1140,80.68,90.84,"Newmarket"
295,"Mosman Park Primary School",WA,"Government","Primary",1142,80.68,93.44,"Mosman Park - Peppermint Grove"
296,"St Joseph's College",QLD,"Catholic","Combined",1182,80.65,65.84,"Spring Hill"
297,"St Thomas' School",QLD,"Catholic","Primary",1156,80.6,86.05,"Camp Hill"
298,"St Monica's Primary School",VIC,"Catholic","Primary",1129,80.57,84.26,"Moonee Ponds"
299,"Nhulunbuy Christian College",NT,"Independent","Combined",1056,80.56,99.21,"Nhulunbuy"
300,"Our Lady of the Sacred Heart Catholic Primary School",QLD,"Catholic","Primary",1038,80.55,98.14,"Central Highlands - West"
301,"Cammeraygal High School",NSW,"Government","Secondary",1135,80.55,73.7,"North Sydney - Lavender Bay"
302,"Richmond Primary School",VIC,"Government","Primary",1150,80.5,83.69,"Richmond (South) - Cremorne"
303,"St Patrick's School",VIC,"Catholic","Primary",1141,80.5,79.06,"Murrumbeena"
304,"St Mary's School",VIC,"Catholic","Primary",1142,80.49,66.5,"Hampton"
305,"West Leederville Primary School",WA,"Government","Primary",1146,80.47,90.72,"Wembley - West Leederville - Glendalough"
306,"The Japanese School in Perth",WA,"Independent","Combined",1140,80.46,53.3,"City Beach"
307,"St Mary's School",VIC,"Catholic","Primary",1144,80.41,82.96,"Ascot Vale"
308,"Ithaca Creek State School",QLD,"Government","Primary",1170,80.41,82.44,"Red Hill (Qld)"
309,"Teelba State School",QLD,"Government","Primary",1038,80.41,96.36,"Roma Surrounds"
310,"Saint Mary MacKillop College Albury",NSW,"Independent","Combined",1074,80.39,92.06,"Albury Surrounds"
311,"Saint Spyridon College",SA,"Independent","Primary",1081,80.39,78.61,"Unley - Parkside"
312,"Throsby School",ACT,"Government","Primary",1096,80.39,80.88,"Throsby"
313,"Mercedes College",WA,"Independent","Secondary",1122,80.37,74.25,"Perth (West) - Northbridge"
314,"St Augustine's School",VIC,"Catholic","Primary",1125,80.36,77.55,"Yarraville"
315,"St Mary's School",VIC,"Catholic","Primary",1111,80.34,87.05,"St Kilda East"
316,"Ormond Primary School",VIC,"Government","Primary",1158,80.32,72.57,"Ormond - Glen Huntly"
317,"Brunswick North Primary School",VIC,"Government","Primary",1151,80.31,76.23,"Brunswick West"
318,"St Columba's College",VIC,"Catholic","Secondary",1107,80.31,86.85,"Essendon - East"
319,"Lyons Early Childhood School",ACT,"Government","Primary",1116,80.3,65.06,"Lyons (ACT)"
320,"Sacred Heart College",VIC,"Catholic","Secondary",1105,80.28,86.92,"Newtown (Vic.)"
321,"Trinity Christian School",ACT,"Independent","Combined",1150,80.28,75.23,"Wanniassa"
322,"Our Lady of Dolours School",QLD,"Catholic","Primary",1133,80.26,80.83,"Mitchelton"
323,"Ascot State School",QLD,"Government","Primary",1138,80.25,89.57,"Ascot"
324,"The Currajong School",VIC,"Independent","Special",1089,80.23,71.66,"Malvern East"
325,"Westgarth Primary School",VIC,"Government","Primary",1204,80.23,77.9,"Northcote - East"
326,"St Joseph's Catholic School, The Strand",QLD,"Catholic","Primary",1100,80.23,89.34,"Townsville City - North Ward"
327,"St Therese School",SA,"Catholic","Primary",1087,80.23,88.19,"Colonel Light Gardens"
328,"Mount Hawthorn Education Support Centre",WA,"Government","Special",1049,80.21,89.75,"Mount Hawthorn - Leederville"
329,"Shenton College",WA,"Government","Secondary",1160,80.16,83.33,"Subiaco - Shenton Park"
330,"Yuna Primary School",WA,"Government","Primary",1087,80.16,71.5,"Northampton - Mullewa - Greenough"
331,"Sacred Heart School",VIC,"Catholic","Primary",1126,80.05,77.84,"Newport"
332,"Weetangera Primary School",ACT,"Government","Primary",1117,80.05,90.64,"Weetangera"
333,"Albert Park Primary School",VIC,"Government","Primary",1156,80.03,75.12,"Albert Park"
334,"Canterbury Girls Secondary College",VIC,"Government","Secondary",1141,80.03,69.06,"Surrey Hills (West) - Canterbury"
335,"Aranda Primary School",ACT,"Government","Primary",1159,79.99,81.98,"Aranda"
336,"St Joseph's School",SA,"Catholic","Primary",1135,79.98,88.45,"Mitcham (SA)"
337,"St Peter Chanel Primary School",QLD,"Catholic","Primary",1127,79.97,67.47,"The Gap"
338,"St John's School",VIC,"Catholic","Primary",1136,79.95,62.89,"Footscray"
339,"Rosanna Golf Links Primary School",VIC,"Government","Primary",1133,79.92,70.26,"Heidelberg - Rosanna"
340,"Immanuel College",SA,"Independent","Secondary",1117,79.92,67.52,"Plympton"
341,"Carnarvon School Of The Air",WA,"Government","Primary",1047,79.91,93.06,"Carnarvon"
342,"Jerrabomberra High School",NSW,"Government","Secondary",1068,79.91,89.98,"Queanbeyan West - Jerrabomberra"
343,"Albert Park College",VIC,"Government","Secondary",1127,79.9,75.12,"Albert Park"
344,"Canterbury Primary School",VIC,"Government","Primary",1192,79.85,69.06,"Surrey Hills (West) - Canterbury"
345,"Kincoppal - Rose Bay School of the Sacred Heart",NSW,"Independent","Combined",1160,79.83,52.21,"Rose Bay - Vaucluse - Watsons Bay"
346,"St Margaret's Anglican Girls School",QLD,"Independent","Combined",1158,79.83,71.32,"Albion"
347,"Kambala",NSW,"Independent","Combined",1169,79.81,52.21,"Rose Bay - Vaucluse - Watsons Bay"
348,"The Cathedral School of St Anne and St James",QLD,"Independent","Combined",1100,79.81,86.25,"Mundingburra"
349,"Prahran High School",VIC,"Government","Secondary",1080,79.81,87.84,"Prahran - Windsor"
350,"Elwood Primary School",VIC,"Government","Primary",1131,79.8,88.61,"Elwood"
351,"Padua College",QLD,"Catholic","Combined",1117,79.78,84.57,"Kedron - Gordon Park"
352,"Our Holy Redeemer School",VIC,"Catholic","Primary",1180,79.75,69.06,"Surrey Hills (West) - Canterbury"
353,"Tintern Grammar",VIC,"Independent","Combined",1154,79.73,55.33,"Ringwood East"
354,"St Michael's Catholic Primary School",NSW,"Catholic","Primary",1160,79.72,59.17,"Petersham - Stanmore"
355,"St Margaret's Berwick Grammar",VIC,"Independent","Combined",1155,79.72,53.52,"Berwick - North"
356,"Christian Brothers' College",WA,"Catholic","Secondary",1092,79.72,81.82,"Fremantle"
357,"Darlinghurst Public School",NSW,"Government","Primary",1156,79.7,81.13,"Darlinghurst"
358,"Corpus Christi School",VIC,"Catholic","Primary",1105,79.68,76.06,"West Footscray - Tottenham"
359,"Lochington State School",QLD,"Government","Primary",1055,79.67,98.14,"Central Highlands - West"
360,"Yarraville West Primary School",VIC,"Government","Primary",1153,79.63,77.55,"Yarraville"
361,"Upper Brookfield State School",QLD,"Government","Primary",1106,79.62,80.34,"Brookfield - Kenmore Hills"
362,"All Hallows' School",QLD,"Catholic","Combined",1183,79.62,59.83,"Fortitude Valley"
363,"Marist Catholic College North Shore",NSW,"Catholic","Combined",1166,79.59,73.7,"North Sydney - Lavender Bay"
364,"Ripponlea Primary School",VIC,"Government","Primary",1141,79.59,72.32,"Caulfield - North"
365,"Heidelberg Primary School",VIC,"Government","Primary",1141,79.58,70.26,"Heidelberg - Rosanna"
366,"Shorncliffe State School",QLD,"Government","Primary",1122,79.57,91.07,"Sandgate - Shorncliffe"
367,"Christ the King School",QLD,"Catholic","Primary",1127,79.55,82.93,"Chelmer - Graceville"
368,"Narrabundah College",ACT,"Government","Secondary",1131,79.54,84.16,"Narrabundah"
369,"Finigan School of Distance Education",NSW,"Government","Combined",1067,79.53,77.24,"Queanbeyan"
370,"Moonee Ponds West Primary School",VIC,"Government","Primary",1136,79.51,84.26,"Moonee Ponds"
371,"Willaura Primary School",VIC,"Government","Primary",1034,79.5,95.99,"Ararat Surrounds"
372,"Lloyd Street Primary School",VIC,"Government","Primary",1180,79.49,71.66,"Malvern East"
373,"St Edmund's College Canberra",ACT,"Independent","Combined",1080,79.48,93.78,"Griffith (ACT)"
374,"Camp Hill State Infants and Primary School",QLD,"Government","Primary",1131,79.48,86.05,"Camp Hill"
375,"Our Lady of Mount Carmel School",QLD,"Catholic","Primary",1151,79.48,86.58,"Coorparoo"
376,"Goodwood Primary School",SA,"Government","Primary",1147,79.47,86.66,"Goodwood - Millswood"
377,"St John Vianney's School",VIC,"Catholic","Primary",1099,79.41,75.17,"Mordialloc - Parkdale"
378,"Reddam House",NSW,"Independent","Combined",1203,79.32,62.67,"Woollahra"
379,"Myrrhee Primary School",VIC,"Government","Primary",1076,79.32,77.71,"Wangaratta Surrounds"
380,"Mount Claremont Primary School",WA,"Government","Primary",1141,79.32,89.15,"Swanbourne - Mount Claremont"
381,"Aquinas College",WA,"Catholic","Combined",1110,79.31,69.82,"Manning - Waterford"
382,"Freshwater Creek Steiner School",VIC,"Independent","Primary",1094,79.3,76.86,"Winchelsea"
383,"St Brendan's Catholic Primary School",NSW,"Catholic","Primary",1166,79.23,62.05,"Annandale (NSW)"
384,"St Clare's College",ACT,"Catholic","Secondary",1087,79.23,93.78,"Griffith (ACT)"
385,"Fremantle Primary School",WA,"Government","Primary",1143,79.22,81.82,"Fremantle"
386,"Trinity College",WA,"Catholic","Combined",1113,79.21,71.65,"East Perth"
387,"Subiaco Primary School",WA,"Government","Primary",1169,79.19,83.33,"Subiaco - Shenton Park"
388,"Bulimba State School",QLD,"Government","Primary",1124,79.18,81.72,"Balmoral"
389,"St John's School",WA,"Catholic","Primary",1102,79.18,77.45,"Scarborough"
390,"Clapham Primary School",SA,"Government","Primary",1098,79.18,88.45,"Mitcham (SA)"
391,"Williamstown North Primary School",VIC,"Government","Primary",1135,79.15,76.62,"Williamstown"
392,"Brookfield State School",QLD,"Government","Primary",1164,79.14,80.34,"Brookfield - Kenmore Hills"
393,"Genazzano FCJ College",VIC,"Catholic","Combined",1127,79.13,57.78,"Kew - South"
394,"Caulfield Junior College",VIC,"Government","Primary",1160,79.12,72.32,"Caulfield - North"
395,"Holland Park State School",QLD,"Government","Primary",1149,79.12,82.38,"Holland Park"
396,"Enoggera State School",QLD,"Government","Primary",1128,79.11,82.12,"Enoggera"
397,"Port Phillip Specialist School",VIC,"Government","Special",1082,79.09,70.84,"Port Melbourne"
398,"Sydney Distance Education Primary School",NSW,"Government","Primary",1094,79.06,69.17,"Surry Hills"
399,"Luther College",VIC,"Independent","Secondary",1127,79.06,63.74,"Croydon Hills - Warranwood"
400,"The Riverina Anglican College",NSW,"Independent","Combined",1104,79,71.42,"Wagga Wagga - North"
401,"St Joseph's Parish School",SA,"Catholic","Primary",1046,78.96,94.61,"Jamestown"
402,"Inglewood Primary School",WA,"Government","Primary",1127,78.94,92.94,"Mount Lawley - Inglewood"
403,"Toorak Primary School",VIC,"Government","Primary",1141,78.93,82.53,"Toorak"
404,"Plenty Valley Christian College",VIC,"Independent","Combined",1113,78.93,76.4,"Panton Hill - St Andrews"
405,"Mckinnon Primary School",VIC,"Government","Primary",1156,78.89,72.57,"Ormond - Glen Huntly"
406,"Borden Primary School",WA,"Government","Primary",1034,78.86,98.07,"Gnowangerup"
407,"Jolimont Primary School",WA,"Government","Primary",1164,78.86,83.33,"Subiaco - Shenton Park"
408,"St Thomas' School",SA,"Catholic","Primary",1116,78.86,86.66,"Goodwood - Millswood"
409,"Arawang Primary School",ACT,"Government","Primary",1113,78.85,86.46,"Waramanga"
410,"Woodleigh School",VIC,"Independent","Combined",1116,78.84,60.45,"Langwarrin"
411,"Taverners Hill Infants School",NSW,"Government","Primary",1129,78.81,59.17,"Petersham - Stanmore"
412,"St Dominic's School",VIC,"Catholic","Primary",1169,78.79,57.21,"Camberwell"
413,"Holy Family Primary School",NSW,"Catholic","Primary",1132,78.77,73.09,"Merewether - The Junction"
414,"Natimuk Primary School",VIC,"Government","Primary",1044,78.77,96.21,"Horsham Surrounds"
415,"John Curtin College Of The Arts",WA,"Government","Secondary",1129,78.74,81.82,"Fremantle"
416,"Rosalie Primary School",WA,"Government","Primary",1178,78.73,83.33,"Subiaco - Shenton Park"
417,"Cannon Hill Anglican College",QLD,"Independent","Combined",1174,78.72,63.27,"Cannon Hill"
418,"St Michael's School",VIC,"Catholic","Primary",1139,78.7,70.99,"Ashburton (Vic.)"
419,"St Joseph's Primary School",ACT,"Catholic","Primary",1130,78.7,88.37,"O'Connor (ACT)"
420,"Catholic Ladies' College Ltd",VIC,"Catholic","Secondary",1119,78.68,67.22,"Eltham"
421,"Sherwood State School",QLD,"Government","Primary",1139,78.66,83.31,"Sherwood"
422,"The Armidale School",NSW,"Independent","Combined",1097,78.65,70.34,"Armidale"
423,"St Joseph's College Geelong",VIC,"Catholic","Secondary",1075,78.65,86.92,"Newtown (Vic.)"
424,"St Peters Lutheran College",QLD,"Independent","Combined",1183,78.65,53.2,"Indooroopilly"
425,"White Gum Valley Primary School",WA,"Government","Primary",1119,78.64,81.82,"Fremantle"
426,"St Margaret Mary's School",VIC,"Catholic","Primary",1103,78.62,67.92,"Brunswick - North"
427,"Mount Hawthorn Primary School",WA,"Government","Primary",1140,78.57,89.75,"Mount Hawthorn - Leederville"
428,"St Bede's Primary School",ACT,"Catholic","Primary",1117,78.56,91.85,"Red Hill (ACT)"
429,"International Chinese School",NSW,"Independent","Primary",1172,78.55,61.55,"St Leonards - Naremburn"
430,"St Mary's School",VIC,"Catholic","Primary",1114,78.54,73.19,"Geelong"
431,"Glenmore Road Public School",NSW,"Government","Primary",1176,78.51,79.69,"Paddington - Moore Park"
432,"Coorparoo State School",QLD,"Government","Primary",1132,78.5,86.58,"Coorparoo"
433,"Mount Lawley Senior High School",WA,"Government","Secondary",1103,78.5,92.94,"Mount Lawley - Inglewood"
434,"University High School",VIC,"Government","Secondary",1117,78.43,71.78,"Parkville"
435,"St James Primary School",QLD,"Catholic","Primary",1102,78.38,86.58,"Coorparoo"
436,"St Elizabeth's School",QLD,"Catholic","Primary",1141,78.37,84.52,"Tarragindi"
437,"St Luke's Catholic Primary School",VIC,"Catholic","Primary",1087,78.33,87.27,"Shepparton - North"
438,"Norman Park State School",QLD,"Government","Primary",1119,78.33,86.4,"Norman Park"
439,"Firbank Grammar School",VIC,"Independent","Combined",1152,78.3,51.32,"Brighton (Vic.)"
440,"Alice Springs School Of The Air",NT,"Government","Combined",1025,78.28,99.33,"Charles"
441,"Sandringham Primary School",VIC,"Government","Primary",1158,78.24,68.07,"Sandringham - Black Rock"
442,"Marshall Road State School",QLD,"Government","Primary",1135,78.22,80.89,"Holland Park West"
443,"Wooloowin State School",QLD,"Government","Primary",1121,78.17,82.35,"Wooloowin - Lutwyche"
444,"Ivanhoe East Primary School",VIC,"Government","Primary",1155,78.14,78.23,"Ivanhoe East - Eaglemont"
445,"St Paul's Catholic Primary School",NT,"Catholic","Primary",1077,78.13,85.07,"Rapid Creek"
446,"St Cecilia's School",VIC,"Catholic","Primary",1172,78.13,68.66,"Glen Iris - East"
447,"Blue Gum Montessori School",WA,"Independent","Primary",1156,78.09,57.95,"South Lake - Cockburn Central"
448,"The Woden School",ACT,"Government","Special",1046,78.08,84.46,"Deakin"
449,"Floreat Park Primary School",WA,"Government","Primary",1173,78.07,81.06,"Floreat"
450,"Mount Stuart Primary School",TAS,"Government","Primary",1138,78.04,79.42,"Lenah Valley - Mount Stuart"
451,"Bob Hawke College",WA,"Government","Secondary",1129,78.04,83.33,"Subiaco - Shenton Park"
452,"Tarrington Lutheran School",VIC,"Independent","Primary",1063,78.03,96.49,"Southern Grampians"
453,"Treetops Montessori School",WA,"Independent","Combined",1083,78.03,75.04,"Glen Forrest - Darlington"
454,"Neerim District Rural Primary School",VIC,"Government","Primary",1079,78.02,70.05,"Mount Baw Baw Region"
455,"Dunkeld Consolidated School",VIC,"Government","Primary",1046,78,96.49,"Southern Grampians"
456,"Kinross Wolaroi School",NSW,"Independent","Combined",1128,77.99,60.78,"Orange"
457,"Brunswick North West Primary School",VIC,"Government","Primary",1140,77.98,76.23,"Brunswick West"
458,"North Cottesloe Primary School",WA,"Government","Primary",1164,77.95,80.67,"Cottesloe"
459,"Brunswick South West Primary School",VIC,"Government","Primary",1168,77.94,76.23,"Brunswick West"
460,"Glen Eira College",VIC,"Government","Secondary",1117,77.93,72.32,"Caulfield - North"
461,"Merri Creek Primary School",VIC,"Government","Primary",1186,77.91,73.84,"Fitzroy North"
462,"Camberwell South Primary School",VIC,"Government","Primary",1183,77.91,68.66,"Glen Iris - East"
463,"Aspect Treetop School",SA,"Independent","Special",1080,77.9,67.52,"Plympton"
464,"Loreto College",VIC,"Catholic","Secondary",1073,77.87,83.01,"Ballarat"
465,"Saint Mary MacKillop Colleges Limited",NSW,"Independent","Combined",1078,77.85,78.4,"Wagga Wagga - South"
466,"Sacred Heart School",VIC,"Catholic","Primary",1169,77.85,57.78,"Kew - South"
467,"St Mary's School",VIC,"Catholic","Primary",1089,77.85,71.98,"Thornbury"
468,"Rose Park Primary School",SA,"Government","Primary",1162,77.85,81.37,"Toorak Gardens"
469,"Yarra Primary School",VIC,"Government","Primary",1134,77.81,75.31,"Richmond - North"
470,"St Patrick's School",VIC,"Catholic","Primary",1107,77.81,78.7,"Geelong West - Hamlyn Heights"
471,"Mount Egerton Primary School",VIC,"Government","Primary",1049,77.74,82.15,"Gordon (Vic.)"
472,"Ipswich Grammar School",QLD,"Independent","Combined",1114,77.73,73.51,"Ipswich - Central"
473,"Girton Grammar School",VIC,"Independent","Combined",1148,77.71,63.54,"Bendigo"
474,"Buckley Park College",VIC,"Government","Secondary",1088,77.69,79.46,"Essendon (West) - Aberfeldie"
475,"North-Eastern Montessori School",VIC,"Independent","Primary",1143,77.66,53.88,"Greensborough"
476,"Ipswich Girls' Grammar School",QLD,"Independent","Combined",1122,77.66,73.51,"Ipswich - Central"
477,"Westbourne Park Primary School",SA,"Government","Primary",1126,77.66,88.19,"Colonel Light Gardens"
478,"Beth Rivkah Ladies College",VIC,"Independent","Combined",1086,77.63,72.32,"Caulfield - North"
479,"Brighton Grammar School",VIC,"Independent","Combined",1143,77.55,51.32,"Brighton (Vic.)"
480,"Sts Peter and Paul's School",QLD,"Catholic","Primary",1156,77.54,81.72,"Balmoral"
481,"Buangor Primary School",VIC,"Government","Primary",1028,77.53,95.99,"Ararat Surrounds"
482,"Aberfeldie Primary School",VIC,"Government","Primary",1108,77.53,79.46,"Essendon (West) - Aberfeldie"
483,"Belconnen High School",ACT,"Government","Secondary",1066,77.51,88.54,"Hawker"
484,"Corinda State School",QLD,"Government","Primary",1115,77.5,81.33,"Corinda"
485,"Mawson Primary School",ACT,"Government","Primary",1139,77.48,69.26,"Mawson"
486,"Highton Primary School",VIC,"Government","Primary",1121,77.46,78.95,"Highton"
487,"Linden Park Primary School",SA,"Government","Primary",1160,77.45,81.37,"Toorak Gardens"
488,"Kedron State High School",QLD,"Government","Secondary",1096,77.44,82.35,"Wooloowin - Lutwyche"
489,"Conservatorium High School",NSW,"Government","Secondary",1194,77.43,41.34,"Sydney (North) - Millers Point"
490,"Kingsville Primary School",VIC,"Government","Primary",1118,77.43,77.55,"Yarraville"
491,"St Joseph's School",VIC,"Catholic","Primary",1106,77.41,64.11,"Beechworth"
492,"Our Lady Help of Christians School",VIC,"Catholic","Primary",1094,77.41,67.22,"Eltham"
493,"Sacred Heart Catholic Primary School",NSW,"Catholic","Primary",1189,77.4,74.41,"Mosman - South"
494,"Owen Primary School",SA,"Government","Primary",1053,77.4,83.1,"Wakefield - Barunga West"
495,"Unley Primary School",SA,"Government","Primary",1154,77.38,78.61,"Unley - Parkside"
496,"Australian Science and Mathematics School",SA,"Government","Secondary",1101,77.37,69.21,"Bellevue Heights"
497,"New Farm State School",QLD,"Government","Primary",1112,77.35,88.74,"New Farm"
498,"St Dominic's Priory College",SA,"Catholic","Combined",1080,77.35,81.93,"North Adelaide"
499,"St Columba's Catholic Primary School",WA,"Catholic","Primary",1140,77.34,83.98,"South Perth - Kensington"
500,"Sandringham College",VIC,"Government","Secondary",1106,77.32,68.07,"Sandringham - Black Rock"
501,"Ashburton Primary School",VIC,"Government","Primary",1155,77.31,70.99,"Ashburton (Vic.)"
502,"Farrer Primary School",ACT,"Government","Primary",1098,77.31,76.27,"Farrer"
503,"Parkdale Primary School",VIC,"Government","Primary",1133,77.28,75.17,"Mordialloc - Parkdale"
504,"Tempy Primary School",VIC,"Government","Primary",1025,77.28,96.79,"Yarriambiack"
505,"Williamstown High School",VIC,"Government","Secondary",1112,77.22,76.62,"Williamstown"
506,"Ivanhoe Primary School",VIC,"Government","Primary",1157,77.22,71.45,"Ivanhoe"
507,"St Paul's Primary School",WA,"Catholic","Primary",1141,77.2,79.52,"Yokine - Coolbinia - Menora"
508,"Pymble Ladies' College",NSW,"Independent","Combined",1178,77.18,43.81,"Pymble"
509,"Highgate School",SA,"Government","Primary",1150,77.15,78.61,"Unley - Parkside"
510,"North Sydney Girls High School",NSW,"Government","Secondary",1203,77.14,64.99,"Crows Nest - Waverton"
511,"Strathewen Primary School",VIC,"Government","Primary",1068,77.14,76.4,"Panton Hill - St Andrews"
512,"Our Lady of Mercy College",VIC,"Catholic","Secondary",1111,77.12,70.26,"Heidelberg - Rosanna"
513,"North Adelaide Primary School",SA,"Government","Primary",1144,77.1,81.93,"North Adelaide"
514,"Lysterfield Lake College",VIC,"Independent","Combined",1139,77.09,57.26,"Narre Warren North"
515,"Christmas Hills Primary School",VIC,"Government","Primary",1057,77.08,76.4,"Panton Hill - St Andrews"
516,"Rosary Primary School",ACT,"Catholic","Primary",1121,77.07,87.92,"Watson"
517,"Windsor State School",QLD,"Government","Primary",1140,77.06,79.9,"Windsor"
518,"Glen Huntly Primary School",VIC,"Government","Primary",1151,77.05,68.91,"Carnegie"
519,"St Therese's School",VIC,"Catholic","Primary",1116,77.05,86.85,"Essendon - East"
520,"Pullenvale State School",QLD,"Government","Primary",1128,77.04,79.12,"Pinjarra Hills - Pullenvale"
521,"Chapman Primary School",ACT,"Government","Primary",1106,77.03,86.84,"Chapman"
522,"Bradfield College",NSW,"Government","Secondary",1108,76.98,61.55,"St Leonards - Naremburn"
523,"St Brigid's School",VIC,"Catholic","Primary",1091,76.94,75.17,"Mordialloc - Parkdale"
524,"Kedron State School",QLD,"Government","Primary",1122,76.94,84.57,"Kedron - Gordon Park"
525,"Our Lady Help of Christians School",VIC,"Catholic","Primary",1020,76.91,96.79,"Yarriambiack"
526,"Gindie State School",QLD,"Government","Primary",1039,76.91,98.14,"Central Highlands - West"
527,"Fitzroy High School",VIC,"Government","Secondary",1086,76.89,73.84,"Fitzroy North"
528,"Torrens Primary School",ACT,"Government","Primary",1079,76.89,81.12,"Torrens"
529,"Banksia Montessori School",WA,"Independent","Primary",1102,76.86,54.98,"Dianella - South"
530,"Mitcham Primary School",SA,"Government","Primary",1121,76.85,88.45,"Mitcham (SA)"
531,"Chapel Hill State School",QLD,"Government","Primary",1171,76.82,66.29,"Chapel Hill"
532,"Covenant Christian School",ACT,"Independent","Combined",1090,76.82,80.47,"Gordon (ACT)"
533,"Montessori East",NSW,"Independent","Primary",1188,76.81,39.47,"Bondi - Tamarama - Bronte"
534,"The Rockhampton Grammar School",QLD,"Independent","Combined",1069,76.8,92.69,"The Range - Allenstown"
535,"Lyneham Primary School",ACT,"Government","Primary",1135,76.78,84.19,"Lyneham"
536,"Sacred Heart School",VIC,"Catholic","Primary",1138,76.74,68.07,"Sandringham - Black Rock"
537,"St George's Anglican Grammar School",WA,"Independent","Secondary",1139,76.74,74.25,"Perth (West) - Northbridge"
538,"St Stephen's School",WA,"Independent","Combined",1120,76.72,66.14,"Duncraig"
539,"Middle Park Primary School",VIC,"Government","Primary",1150,76.69,75.12,"Albert Park"
540,"Mater Dei Primary School",QLD,"Catholic","Primary",1116,76.69,88.31,"Toowoomba - East"
541,"Walkerville Primary School",SA,"Government","Primary",1139,76.69,80.03,"Walkerville"
542,"Spotswood Primary School",VIC,"Government","Primary",1117,76.67,77.84,"Newport"
543,"Stella Maris College",NSW,"Independent","Secondary",1135,76.66,56.89,"Manly - Fairlight"
544,"Mount Stromlo High School",ACT,"Government","Secondary",1085,76.64,86.46,"Waramanga"
545,"PLC Armidale",NSW,"Independent","Combined",1077,76.63,70.34,"Armidale"
546,"Banyule Primary School",VIC,"Government","Primary",1161,76.62,70.26,"Heidelberg - Rosanna"
547,"Melbourne Rudolf Steiner School",VIC,"Independent","Combined",1097,76.62,63.74,"Croydon Hills - Warranwood"
548,"King's College",VIC,"Independent","Combined",1083,76.62,70.86,"Warrnambool - North"
549,"Cavendish Road State High School",QLD,"Government","Secondary",1103,76.61,82.38,"Holland Park"
550,"Mel Maria Catholic Primary School",WA,"Catholic","Primary",1131,76.6,77.49,"Melville"
551,"Australia Street Infants School",NSW,"Government","Primary",1143,76.59,51.85,"Newtown (NSW)"
552,"Melrose High School",ACT,"Government","Secondary",1079,76.59,88.42,"Pearce"
553,"Learning Co-Operative School",VIC,"Independent","Primary",1065,76.56,76.4,"Panton Hill - St Andrews"
554,"Giant Steps Sydney",NSW,"Independent","Special",1103,76.55,54.78,"Gladesville - Huntleys Point"
555,"St Andrews Primary School",VIC,"Government","Primary",1065,76.48,76.4,"Panton Hill - St Andrews"
556,"Newham Primary School",VIC,"Government","Primary",1079,76.47,71.15,"Woodend"
557,"Mitcham Girls High School",SA,"Government","Secondary",1083,76.46,88.45,"Mitcham (SA)"
558,"Seymour College",SA,"Independent","Combined",1150,76.46,50.96,"Beaumont - Glen Osmond"
559,"North Perth Primary School",WA,"Government","Primary",1135,76.43,84.4,"North Perth"
560,"St Philip's School",VIC,"Catholic","Primary",1137,76.41,49.31,"Blackburn"
561,"Carnegie Primary School",VIC,"Government","Primary",1146,76.4,68.91,"Carnegie"
562,"St Peter's Woodlands Grammar School",SA,"Independent","Primary",1140,76.37,73.98,"Glenelg (SA)"
563,"Essendon North Primary School",VIC,"Government","Primary",1116,76.36,79.46,"Essendon (West) - Aberfeldie"
564,"Salmon Gums Primary School",WA,"Government","Primary",1023,76.32,95.7,"Esperance Surrounds"
565,"Shepparton Christian College",VIC,"Independent","Combined",1053,76.3,87.27,"Shepparton - North"
566,"Our Lady Help of Christians School",QLD,"Catholic","Primary",1132,76.3,70.71,"Hendra"
567,"St Andrew's Cathedral School",NSW,"Independent","Combined",1189,76.29,41.34,"Sydney (North) - Millers Point"
568,"Pilgrim School",SA,"Independent","Primary",1109,76.29,73.02,"Aberfoyle Park"
569,"St Thomas More's School",VIC,"Catholic","Primary",1089,76.27,67.41,"Belgrave - Selby"
570,"Colonel Light Gardens Primary School",SA,"Government","Primary",1119,76.27,88.19,"Colonel Light Gardens"
571,"The Friends' School",TAS,"Independent","Combined",1149,76.26,48.02,"Hobart"
572,"St Anthony's School",VIC,"Catholic","Primary",1098,76.26,68.91,"Carnegie"
573,"St Philip's College",NT,"Independent","Secondary",1031,76.25,99.33,"Charles"
574,"Hawker College",ACT,"Government","Secondary",1073,76.21,88.54,"Hawker"
575,"Black Forest Primary School",SA,"Government","Primary",1108,76.21,86.66,"Goodwood - Millswood"
576,"Mosman High School",NSW,"Government","Secondary",1126,76.2,74.41,"Mosman - South"
577,"Bellevue Hill Public School",NSW,"Government","Primary",1156,76.18,70.56,"Bellevue Hill"
578,"Windsor Primary School",VIC,"Government","Primary",1049,76.18,87.84,"Prahran - Windsor"
579,"Yeshivah College",VIC,"Independent","Combined",1073,76.17,72.32,"Caulfield - North"
580,"Greenslopes State School",QLD,"Government","Primary",1108,76.17,81.48,"Greenslopes"
581,"The Gap State High School",QLD,"Government","Secondary",1123,76.17,67.47,"The Gap"
582,"Cascade Primary School",WA,"Government","Primary",1023,76.16,95.7,"Esperance Surrounds"
583,"Northside Christian College",QLD,"Independent","Combined",1145,76.15,59.63,"McDowall"
584,"St Mary's Catholic Primary School",NSW,"Catholic","Primary",1145,76.12,72.49,"Erskineville - Alexandria"
585,"St Michael's Primary School",VIC,"Catholic","Primary",1098,76.12,66.77,"North Melbourne"
586,"St Mary's War Memorial School",NSW,"Catholic","Primary",1038,76.11,94.8,"West Wyalong"
587,"South Perth Primary School",WA,"Government","Primary",1122,76.08,83.98,"South Perth - Kensington"
588,"Sydney Distance Education High School",NSW,"Government","Secondary",1032,76.06,87.47,"Potts Point - Woolloomooloo"
589,"Toorak College",VIC,"Independent","Combined",1151,76.06,46.44,"Mount Eliza"
590,"Black Mountain School",ACT,"Government","Special",1030,76.04,88.37,"O'Connor (ACT)"
591,"Southern Cross Early Childhood School",ACT,"Government","Primary",1088,76.03,64.98,"Scullin"
592,"Richmond Primary School",WA,"Government","Primary",1156,76.03,79.01,"East Fremantle"
593,"Sandringham East Primary School",VIC,"Government","Primary",1135,76.02,68.07,"Sandringham - Black Rock"
594,"Loreto College",SA,"Catholic","Combined",1098,76.02,66.35,"Norwood (SA)"
595,"Humanitas High School",QLD,"Independent","Secondary",1107,75.99,59.83,"Fortitude Valley"
596,"St Catherine's School",SA,"Catholic","Primary",1133,75.97,78.29,"Aldgate - Stirling"
597,"East Victoria Park Education Support Centre",WA,"Government","Special",1049,75.96,80.6,"East Victoria Park - Carlisle"
598,"St Peter's Primary School",WA,"Catholic","Primary",1107,75.95,92.94,"Mount Lawley - Inglewood"
599,"Mentone Primary School",VIC,"Government","Primary",1112,75.93,67.78,"Mentone"
600,"St Joachim's School",QLD,"Catholic","Primary",1124,75.93,80.89,"Holland Park West"
601,"Farmhouse Montessori School",NSW,"Independent","Primary",1165,75.92,36.89,"Manly Vale - Allambie Heights"
602,"Birchgrove Public School",NSW,"Government","Primary",1132,75.92,69.13,"Balmain"
603,"Sydney Secondary College Balmain Campus",NSW,"Government","Secondary",1112,75.9,71.38,"Lilyfield - Rozelle"
604,"Our Lady of the Nativity School",VIC,"Catholic","Primary",1111,75.89,79.46,"Essendon (West) - Aberfeldie"
605,"Pingrup Primary School",WA,"Government","Primary",1018,75.89,98.07,"Gnowangerup"
606,"Newport Lakes Primary School",VIC,"Government","Primary",1126,75.84,77.84,"Newport"
607,"Eltham East Primary School",VIC,"Government","Primary",1143,75.84,67.22,"Eltham"
608,"Emanuel School",NSW,"Independent","Combined",1186,75.79,40.78,"Randwick - North"
609,"Kyilla Primary School",WA,"Government","Primary",1132,75.79,84.4,"North Perth"
610,"Sacred Heart College",WA,"Catholic","Secondary",1116,75.78,59.58,"Sorrento - Marmion"
611,"Koonwarra Village School",VIC,"Independent","Primary",1092,75.76,64,"Leongatha"
612,"Village School",VIC,"Independent","Primary",1089,75.74,63.74,"Croydon Hills - Warranwood"
613,"Churchlands Primary School",WA,"Government","Primary",1169,75.7,73.63,"Wembley Downs - Churchlands - Woodlands"
614,"Coolbinia Primary School",WA,"Government","Primary",1139,75.7,79.52,"Yokine - Coolbinia - Menora"
615,"Camberwell Primary School",VIC,"Government","Primary",1194,75.69,57.21,"Camberwell"
616,"Ave Maria College",VIC,"Catholic","Secondary",1082,75.69,79.46,"Essendon (West) - Aberfeldie"
617,"Sacred Heart Primary School",WA,"Catholic","Primary",1124,75.67,81.9,"Perth (North) - Highgate"
618,"Unley High School",SA,"Government","Secondary",1084,75.67,88.45,"Mitcham (SA)"
619,"Dalkeith Primary School",WA,"Government","Primary",1183,75.65,71.27,"Nedlands - Dalkeith - Crawley"
620,"Pulteney Grammar School",SA,"Independent","Combined",1170,75.64,39.35,"Adelaide"
621,"Harrietville Primary School",VIC,"Government","Primary",1097,75.61,60.91,"Bright - Mount Beauty"
622,"St Monica's Parish School",SA,"Catholic","Primary",1102,75.59,80.03,"Walkerville"
623,"St Columba's School",VIC,"Catholic","Primary",1090,75.58,88.09,"Ballarat North - Invermay"
624,"Mary MacKillop Memorial School",SA,"Catholic","Primary",1029,75.56,95.83,"Penola"
625,"St Aloysius College",VIC,"Catholic","Secondary",1127,75.55,66.77,"North Melbourne"
626,"Kalgoorlie School Of The Air",WA,"Government","Primary",1029,75.55,94.56,"Boulder"
627,"Norwood Primary School",SA,"Government","Primary",1148,75.55,66.35,"Norwood (SA)"
628,"Sts Peter and Paul Primary School",ACT,"Catholic","Primary",1130,75.54,75.42,"Garran"
629,"Nailsworth Primary School",SA,"Government","Primary",1106,75.52,88.18,"Nailsworth - Broadview"
630,"The Cottage School",TAS,"Independent","Primary",1113,75.51,56.6,"Bellerive - Rosny"
631,"Chatham Primary School",VIC,"Government","Primary",1147,75.51,69.06,"Surrey Hills (West) - Canterbury"
632,"St Bede's College",VIC,"Catholic","Secondary",1097,75.51,67.78,"Mentone"
633,"St Thomas' Primary School",WA,"Catholic","Primary",1169,75.48,62.09,"Claremont (WA)"
634,"Dobroyd Point Public School",NSW,"Government","Primary",1149,75.44,57.49,"Haberfield - Summer Hill"
635,"Solway Primary School",VIC,"Government","Primary",1161,75.42,70.99,"Ashburton (Vic.)"
636,"The Montessori School",WA,"Independent","Combined",1120,75.38,52.15,"Kingsley"
637,"Holland Park State High School",QLD,"Government","Secondary",1055,75.37,80.89,"Holland Park West"
638,"Como Primary School",WA,"Government","Primary",1140,75.37,77.96,"Como"
639,"Chisholm Catholic College",WA,"Catholic","Secondary",1079,75.35,81.66,"Bayswater - Embleton - Bedford"
640,"Gippsland Grammar",VIC,"Independent","Combined",1096,75.33,75.87,"Sale"
641,"Garran Primary School",ACT,"Government","Primary",1159,75.32,75.42,"Garran"
642,"Urrbrae Agricultural High School",SA,"Government","Secondary",1074,75.3,88.45,"Mitcham (SA)"
643,"Pedare Christian College",SA,"Independent","Combined",1097,75.3,76.9,"Golden Grove"
644,"South Hobart Primary School",TAS,"Government","Primary",1137,75.29,74.36,"South Hobart - Fern Tree"
645,"Bacchus Marsh Grammar",VIC,"Independent","Combined",1115,75.28,67.29,"Bacchus Marsh"
646,"Launceston Christian School",TAS,"Independent","Combined",1070,75.27,77.01,"Riverside"
647,"Prairie State School",QLD,"Government","Primary",1017,75.24,99.07,"Northern Highlands"
648,"St Colman's School",VIC,"Catholic","Primary",1026,75.21,93.72,"Moyne - East"
649,"Hampton Primary School",VIC,"Government","Primary",1168,75.2,66.5,"Hampton"
650,"Hollywood Primary School",WA,"Government","Primary",1174,75.19,71.27,"Nedlands - Dalkeith - Crawley"
651,"Brisbane South State Secondary College",QLD,"Government","Secondary",1137,75.19,66.3,"Fairfield - Dutton Park"
652,"Seven Hills State School",QLD,"Government","Primary",1123,75.18,80.08,"Morningside - Seven Hills"
653,"Immanuel Primary School",SA,"Independent","Primary",1120,75.16,67.52,"Plympton"
654,"Fahan School",TAS,"Independent","Combined",1154,75.15,44.57,"Sandy Bay"
655,"Novoschool",NSW,"Independent","Secondary",1077,75.15,65.49,"Newcastle - Cooks Hill"
656,"Eltham Primary School",VIC,"Government","Primary",1117,75.14,67.22,"Eltham"
657,"St Pius X Catholic School",WA,"Catholic","Primary",1136,75.11,77.96,"Como"
658,"Our Lady of Perpetual Succour Catholic Primary School",NSW,"Catholic","Primary",1174,75.1,43.81,"Pymble"
659,"Sacred Heart Primary School",QLD,"Catholic","Primary",1063,75.09,91.07,"Sandgate - Shorncliffe"
660,"Kensington Primary School",WA,"Government","Primary",1121,75.09,83.98,"South Perth - Kensington"
661,"Stirling East Primary School",SA,"Government","Primary",1138,75.09,78.29,"Aldgate - Stirling"
662,"Nyabing Primary School",WA,"Government","Primary",1015,75.07,98.07,"Gnowangerup"
663,"East Adelaide School",SA,"Government","Primary",1117,75.07,85.26,"St Peters - Marden"
664,"Pascoe Vale South Primary School",VIC,"Government","Primary",1108,75.06,71.91,"Pascoe Vale South"
665,"Northside Montessori School",NSW,"Independent","Combined",1147,75.04,43.81,"Pymble"
666,"Eltham High School",VIC,"Government","Secondary",1101,75.04,67.22,"Eltham"
667,"Hampton Public School",NSW,"Government","Primary",1068,75.01,72.17,"Lithgow Surrounds"
668,"Mater Christi College",VIC,"Catholic","Secondary",1093,75.01,67.41,"Belgrave - Selby"
669,"Jerrabomberra Public School",NSW,"Government","Primary",1107,74.99,89.98,"Queanbeyan West - Jerrabomberra"
670,"Holy Family Primary School",QLD,"Catholic","Primary",1142,74.99,53.2,"Indooroopilly"
671,"Burgmann Anglican School",ACT,"Independent","Combined",1165,74.99,55.59,"Gungahlin"
672,"The Hutchins School",TAS,"Independent","Combined",1140,74.98,44.57,"Sandy Bay"
673,"Belair Primary School",SA,"Government","Primary",1117,74.98,84.54,"Belair"
674,"Fort Street High School",NSW,"Government","Secondary",1176,74.96,59.17,"Petersham - Stanmore"
675,"Eppalock Primary School",VIC,"Government","Primary",1043,74.96,80.99,"Bendigo Surrounds - South"
676,"St Patrick's College",VIC,"Catholic","Secondary",1055,74.95,83.01,"Ballarat"
677,"Southern Cross Grammar",VIC,"Independent","Combined",1136,74.95,51.99,"Taylors Hill"
678,"Glen Iris Primary School",VIC,"Government","Primary",1174,74.93,68.66,"Glen Iris - East"
679,"Charles Weston School",ACT,"Government","Primary",1099,74.9,77.54,"Coombs"
680,"Williamstown Primary School",VIC,"Government","Primary",1123,74.89,76.62,"Williamstown"
681,"St Ignatius School",QLD,"Catholic","Primary",1158,74.89,68.74,"Toowong"
682,"Bunbury Cathedral Grammar School",WA,"Independent","Combined",1100,74.88,60.74,"Gelorup - Stratham"
683,"Coogee Boys' Preparatory School",NSW,"Independent","Primary",1165,74.87,40.78,"Randwick - North"
684,"Mosman Public School",NSW,"Government","Primary",1157,74.85,74.41,"Mosman - South"
685,"Hilder Road State School",QLD,"Government","Primary",1145,74.85,67.47,"The Gap"
686,"North Fremantle Primary School",WA,"Government","Primary",1112,74.85,81.82,"Fremantle"
687,"Glen Osmond Primary School",SA,"Government","Primary",1143,74.85,78.61,"Unley - Parkside"
688,"Emmaus Christian College",SA,"Independent","Combined",1137,74.85,67.06,"Edwardstown"
689,"John Calvin School",TAS,"Independent","Combined",1051,74.84,80.15,"South Launceston"
690,"Naremburn School",NSW,"Government","Special",1075,74.83,61.55,"St Leonards - Naremburn"
691,"Beauty Point Public School",NSW,"Government","Primary",1154,74.82,69.35,"Mosman - North"
692,"Landsborough Primary School",VIC,"Government","Primary",1056,74.82,70.49,"Avoca"
693,"Rozelle Public School",NSW,"Government","Primary",1162,74.81,71.38,"Lilyfield - Rozelle"
694,"St Joseph's Primary School",NSW,"Catholic","Primary",1050,74.81,87.62,"Young Surrounds"
695,"Wembley Primary School",VIC,"Government","Primary",1112,74.81,77.55,"Yarraville"
696,"Mentone Park Primary School",VIC,"Government","Primary",1099,74.8,67.78,"Mentone"
697,"Star of the Sea College",VIC,"Catholic","Secondary",1132,74.8,51.32,"Brighton (Vic.)"
698,"Hunter Valley Grammar School",NSW,"Independent","Combined",1134,74.76,46.12,"East Maitland - Metford"
699,"Duffy Primary School",ACT,"Government","Primary",1088,74.76,75.03,"Duffy"
700,"St Mary's School",VIC,"Catholic","Primary",1107,74.75,76.62,"Williamstown"
701,"St Vincent's Primary School",ACT,"Catholic","Primary",1117,74.75,81.98,"Aranda"
702,"Ming-De International School Toowoomba",QLD,"Independent","Combined",1075,74.74,60.24,"Toowoomba - West"
703,"Ballarat Primary School (Dana Street)",VIC,"Government","Primary",1069,74.73,83.01,"Ballarat"
704,"Narrawong District Primary School",VIC,"Government","Primary",1038,74.73,94.02,"Glenelg (Vic.)"
705,"Holy Spirit School",VIC,"Catholic","Primary",1107,74.72,71.98,"Thornbury"
706,"Sunrise Christian School Fullarton",SA,"Independent","Primary",1133,74.71,78.61,"Unley - Parkside"
707,"Calrossy Anglican School",NSW,"Independent","Combined",1079,74.71,68.54,"Tamworth - North"
708,"Hamilton South Public School",NSW,"Government","Primary",1139,74.69,73.09,"Merewether - The Junction"
709,"St John Vianney's Primary School",ACT,"Catholic","Primary",1094,74.65,86.46,"Waramanga"
710,"Lutheran School Wagga Wagga",NSW,"Independent","Primary",1120,74.64,82.64,"Wagga Wagga - East"
711,"Bedourie State School",QLD,"Government","Primary",,74.64,99.13,"Far Central West"
712,"Birdsville State School",QLD,"Government","Primary",,74.64,99.13,"Far Central West"
713,"St Joseph's Primary School",QLD,"Catholic","Primary",1129,74.64,70.22,"Kangaroo Point"
714,"Sutton Public School",NSW,"Government","Primary",1098,74.63,80.49,"Yass Surrounds"
715,"Fadden Primary School",ACT,"Government","Primary",1076,74.6,74.46,"Fadden"
716,"All Saints Anglican School",VIC,"Independent","Combined",1088,74.6,87.27,"Shepparton - North"
717,"St Joseph's School",QLD,"Catholic","Primary",1091,74.58,80.64,"Nundah"
718,"Mt Maria College",QLD,"Catholic","Secondary",1084,74.57,80.83,"Mitchelton"
719,"Neutral Bay Public School",NSW,"Government","Primary",1169,74.57,71.74,"Neutral Bay - Kirribilli"
720,"Villa Maria Catholic Primary School",NSW,"Catholic","Primary",1166,74.56,70.59,"Hunters Hill - Woolwich"
721,"Mont Albert Primary School",VIC,"Government","Primary",1149,74.56,67.19,"Surrey Hills (East) - Mont Albert"
722,"Nedlands Primary School",WA,"Government","Primary",1180,74.55,71.27,"Nedlands - Dalkeith - Crawley"
723,"Fr John Therry Catholic Primary School Balmain - Rozelle",NSW,"Catholic","Primary",1170,74.54,69.13,"Balmain"
724,"Nungarin Primary School",WA,"Government","Primary",,74.54,98.71,"Mukinbudin"
725,"St Andrew's Grammar",WA,"Independent","Combined",1078,74.54,67.96,"Dianella - North"
726,"Erskineville Public School",NSW,"Government","Primary",1155,74.49,72.49,"Erskineville - Alexandria"
727,"St James' School",VIC,"Catholic","Primary",1133,74.48,51.32,"Brighton (Vic.)"
728,"Galilee Catholic Primary School",NSW,"Catholic","Primary",1160,74.46,38.44,"Bondi Beach - North Bondi"
729,"Bellaire Primary School",VIC,"Government","Primary",1094,74.46,78.95,"Highton"
730,"Nundah State School",QLD,"Government","Primary",1098,74.46,80.64,"Nundah"
731,"Kukerin Primary School",WA,"Government","Primary",1012,74.45,98.95,"Kulin"
732,"Highgate Primary School",WA,"Government","Primary",1110,74.43,81.9,"Perth (North) - Highgate"
733,"Endeavour College",SA,"Independent","Secondary",1083,74.43,70.74,"Mawson Lakes - Globe Derby Park"
734,"Amaroo School",ACT,"Government","Combined",1070,74.43,82.91,"Amaroo"
735,"Queensland Academy for Creative Industries",QLD,"Government","Secondary",1128,74.42,45.16,"Kelvin Grove - Herston"
736,"Tulloona Public School",NSW,"Government","Primary",,74.41,98.33,"Moree Surrounds"
737,"Annandale Public School",NSW,"Government","Primary",1145,74.39,62.05,"Annandale (NSW)"
738,"Arden Anglican School, Junior Campus",NSW,"Independent","Combined",1173,74.39,43.3,"Pennant Hills - Cheltenham"
739,"Burnside Primary School",SA,"Government","Primary",1156,74.39,73.46,"Burnside - Wattle Park"
740,"Tamar Valley Steiner School",TAS,"Independent","Primary",1054,74.37,79.76,"Waverley - St Leonards"
741,"St Lawrence State School",QLD,"Government","Primary",,74.36,99.67,"Broadsound - Nebo"
742,"Yackandandah Primary School",VIC,"Government","Primary",1092,74.36,81.22,"Yackandandah"
743,"Hunters Hill High School",NSW,"Government","Secondary",1104,74.34,70.59,"Hunters Hill - Woolwich"
744,"St Raphael's School",SA,"Catholic","Primary",1048,74.34,78.61,"Unley - Parkside"
745,"Oodnadatta Aboriginal School",SA,"Government","Combined",,74.32,99.28,"Outback"
746,"Surrey Hills Primary School",VIC,"Government","Primary",1166,74.3,67.19,"Surrey Hills (East) - Mont Albert"
747,"Mount Margaret Remote Community School",WA,"Government","Primary",,74.3,98.64,"Leinster - Leonora"
748,"Our Lady of the Assumption School",QLD,"Catholic","Primary",1104,74.27,82.12,"Enoggera"
749,"Ceres Primary School",VIC,"Government","Primary",1069,74.25,78.95,"Highton"
750,"Scaddan Primary School",WA,"Government","Primary",1024,74.24,95.7,"Esperance Surrounds"
751,"School of the Nativity",SA,"Catholic","Primary",1086,74.24,73.02,"Aberfoyle Park"
752,"St Joseph's Primary School",QLD,"Catholic","Primary",1118,74.23,81.33,"Corinda"
753,"Murputja Anangu School",SA,"Government","Combined",,74.22,99.5,"APY Lands"
754,"Cameron Downs State School",QLD,"Government","Primary",1010,74.21,99.07,"Northern Highlands"
755,"Andamooka Primary School",SA,"Government","Primary",,74.21,99.28,"Outback"
756,"Pleasant Street Primary School (Ballarat)",VIC,"Government","Primary",1095,74.2,83.01,"Ballarat"
757,"Birregurra Primary School",VIC,"Government","Primary",1052,74.19,84.29,"Colac Surrounds"
758,"Harkaway Hills College",VIC,"Independent","Combined",1149,74.19,57.26,"Narre Warren North"
759,"Cheltenham Primary School",VIC,"Government","Primary",1116,74.18,65.53,"Highett (West) - Cheltenham"
760,"Hartwell Primary School",VIC,"Government","Primary",1191,74.18,57.21,"Camberwell"
761,"Balmain Public School",NSW,"Government","Primary",1172,74.17,69.13,"Balmain"
762,"St Paul's College",NSW,"Independent","Secondary",1030,74.17,92.06,"Albury Surrounds"
763,"Cedars Christian College - Aspire",NSW,"Independent","Special",1094,74.16,51.66,"Unanderra - Mount Kembla"
764,"Kenmore Park Anangu School",SA,"Government","Combined",,74.15,99.5,"APY Lands"
765,"Melrose Primary School",SA,"Government","Primary",1014,74.11,93.85,"Peterborough - Mount Remarkable"
766,"Forsayth State School",QLD,"Government","Primary",,74.09,97.8,"Croydon - Etheridge"
767,"Malvern Valley Primary School",VIC,"Government","Primary",1114,74.05,71.66,"Malvern East"
768,"Eulo State School",QLD,"Government","Primary",,74.05,97.49,"Far South West"
769,"Kenmore South State School",QLD,"Government","Primary",1170,74.05,62.99,"Kenmore"
770,"St Columba's School",WA,"Catholic","Primary",1125,74.05,81.66,"Bayswater - Embleton - Bedford"
771,"Sydney Road Community School",VIC,"Government","Secondary",1037,74.04,80.17,"Brunswick - South"
772,"St Agnes' School",VIC,"Catholic","Primary",1098,74.04,65.53,"Highett (West) - Cheltenham"
773,"St Anthony's School",QLD,"Catholic","Primary",1116,74.04,84.57,"Kedron - Gordon Park"
774,"All Saints Primary School",NSW,"Catholic","Primary",1026,74.03,91.11,"Tumbarumba"
775,"Flemington Primary School",VIC,"Government","Primary",1140,74.03,60.15,"Flemington"
776,"St Joseph's Catholic School",QLD,"Catholic","Primary",1078,74.03,86.25,"Mundingburra"
777,"Attadale Primary School",WA,"Government","Primary",1137,74.03,77.49,"Melville"
778,"St Denis School",WA,"Catholic","Primary",1123,74.02,76.75,"Tuart Hill - Joondanna"
779,"Watervale Primary School",SA,"Government","Primary",1033,74.02,85.39,"Gilbert Valley"
780,"Lyrebird College",VIC,"Independent","Special",1102,74.02,47.54,"Lilydale - Coldstream"
781,"Dickson College",ACT,"Government","Secondary",1101,74.01,76.7,"Dickson"
782,"St James School",SA,"Catholic","Primary",1029,73.99,94.61,"Jamestown"
783,"The Joseph Varga School",NSW,"Independent","Special",1119,73.98,40.78,"Randwick - North"
784,"Newlands Primary School",VIC,"Government","Primary",1146,73.98,53.26,"Preston - West"
785,"Koinonia Christian Academy",NSW,"Independent","Combined",,73.97,97.13,"Bourke - Brewarrina"
786,"St Patrick's Primary School",WA,"Catholic","Primary",1054,73.94,81.82,"Fremantle"
787,"Panton Hill Primary School",VIC,"Government","Primary",1070,73.89,76.4,"Panton Hill - St Andrews"
788,"Footscray West Primary School",VIC,"Government","Primary",1117,73.88,76.06,"West Footscray - Tottenham"
789,"Footscray Primary School",VIC,"Government","Primary",1115,73.87,62.89,"Footscray"
790,"Congupna Primary School",VIC,"Government","Primary",1027,73.87,92.83,"Shepparton Surrounds - East"
791,"Mentone Girls Secondary College",VIC,"Government","Secondary",1102,73.86,67.78,"Mentone"
792,"St Benedict's School",WA,"Catholic","Primary",1152,73.84,64.64,"Applecross - Ardross"
793,"Wales Street Primary School",VIC,"Government","Primary",1140,73.83,71.98,"Thornbury"
794,"St Martin of Tours School",VIC,"Catholic","Primary",1127,73.83,70.26,"Heidelberg - Rosanna"
795,"Weilmoringle Public School",NSW,"Government","Primary",,73.82,97.13,"Bourke - Brewarrina"
796,"Tjuntjuntjara Remote Community School",WA,"Government","Combined",,73.82,98.64,"Leinster - Leonora"
797,"Academy of Mary Immaculate",VIC,"Catholic","Secondary",1079,73.79,71.35,"Fitzroy"
798,"Junction Park State School",QLD,"Government","Primary",1104,73.77,70.23,"Annerley"
799,"Carey Baptist College",WA,"Independent","Combined",1114,73.77,59.93,"Harrisdale"
800,"Oak Valley Aboriginal School",SA,"Government","Combined",,73.77,99.91,"Western"
801,"Hunters Hill Public School",NSW,"Government","Primary",1149,73.75,70.59,"Hunters Hill - Woolwich"
802,"Good Shepherd College - Senior Campus",VIC,"Independent","Combined",1028,73.75,88.93,"Hamilton (Vic.)"
803,"Newport Gardens Primary School",VIC,"Government","Primary",1106,73.75,77.84,"Newport"
804,"Kellys Plains Public School",NSW,"Government","Primary",1054,73.74,77.18,"Armidale Surrounds - South"
805,"Mary MacKillop College",QLD,"Catholic","Secondary",1079,73.74,80.64,"Nundah"
806,"St Leonard's College",VIC,"Independent","Combined",1184,73.72,33.16,"Brighton East"
807,"Servite College",WA,"Independent","Secondary",1058,73.72,76.75,"Tuart Hill - Joondanna"
808,"Marist Sisters' College Woolwich",NSW,"Catholic","Secondary",1101,73.71,70.59,"Hunters Hill - Woolwich"
809,"Chewton Primary School",VIC,"Government","Primary",1119,73.71,45.21,"Castlemaine"
810,"Wyandra State School",QLD,"Government","Primary",,73.7,97.49,"Far South West"
811,"Emmaus Christian School",ACT,"Independent","Combined",1138,73.7,76.7,"Dickson"
812,"Payne Road State School",QLD,"Government","Primary",1120,73.69,67.47,"The Gap"
813,"Loreto Normanhurst",NSW,"Independent","Combined",1164,73.68,36.69,"Normanhurst - Thornleigh - Westleigh"
814,"Newman College",WA,"Independent","Combined",1121,73.67,73.63,"Wembley Downs - Churchlands - Woodlands"
815,"Hampton East School",VIC,"Government","Special",1058,73.66,66.5,"Hampton"
816,"Middle Harbour Public School",NSW,"Government","Primary",1162,73.63,69.35,"Mosman - North"
817,"Good Shepherd Lutheran Primary School",VIC,"Independent","Primary",1147,73.61,63.74,"Croydon Hills - Warranwood"
818,"Upwey Primary School",VIC,"Government","Primary",1114,73.6,72.12,"Upwey - Tecoma"
819,"The Hills Christian Community School",SA,"Independent","Combined",1092,73.6,71.8,"Lobethal - Woodside"
820,"Sidrah Gardens School",VIC,"Independent","Primary",1104,73.59,57.26,"Narre Warren North"
821,"North Sydney Public School",NSW,"Government","Primary",1144,73.58,73.7,"North Sydney - Lavender Bay"
822,"St Finbar's Primary School",NSW,"Catholic","Primary",1110,73.57,54.19,"Blaxland - Warrimoo - Lapstone"
823,"The Springfield Anglican College",QLD,"Independent","Combined",1109,73.56,65.3,"Springfield"
824,"All Saints' College",WA,"Independent","Combined",1162,73.56,40.68,"Bull Creek"
825,"Parkside Primary School",SA,"Government","Primary",1126,73.55,78.61,"Unley - Parkside"
826,"St Fiacre's Catholic Primary School",NSW,"Catholic","Primary",1151,73.53,36.26,"Leichhardt"
827,"Edwardstown Primary School",SA,"Government","Primary",1098,73.52,88.19,"Colonel Light Gardens"
828,"Our Lady of the Angels' School",QLD,"Catholic","Primary",1119,73.48,79.09,"Wavell Heights"
829,"Faith Lutheran College",SA,"Independent","Combined",1060,73.47,76.73,"Tanunda"
830,"North Melbourne Primary School",VIC,"Government","Primary",1136,73.45,66.77,"North Melbourne"
831,"Pipalyatjara Anangu School",SA,"Government","Combined",,73.45,99.5,"APY Lands"
832,"St Michael's Collegiate School",TAS,"Independent","Combined",1125,73.43,48.02,"Hobart"
833,"Castlemaine Steiner School & Kindergarten",VIC,"Independent","Combined",1105,73.42,59.26,"Castlemaine Surrounds"
834,"Kardinia International College",VIC,"Independent","Combined",1155,73.42,41.07,"North Geelong - Bell Park"
835,"Mount Barker Waldorf School",SA,"Independent","Combined",1087,73.41,63.04,"Mount Barker"
836,"Kenmore State School",QLD,"Government","Primary",1158,73.4,62.99,"Kenmore"
837,"South Melbourne Park Primary School",VIC,"Government","Primary",1105,73.4,75.12,"Albert Park"
838,"International Maarif Schools of Australia – Melbourne Campus",VIC,"Independent","Primary",1080,73.38,56.96,"Kilmore - Broadford"
839,"Doubleview Primary School",WA,"Government","Primary",1118,73.37,80.26,"Innaloo - Doubleview"
840,"Footscray City Primary School",VIC,"Government","Primary",1125,73.34,62.89,"Footscray"
841,"Queen of Apostles Primary School",QLD,"Catholic","Primary",1106,73.34,69.04,"Stafford"
842,"Deans Marsh Primary School",VIC,"Government","Primary",1045,73.31,76.86,"Winchelsea"
843,"Camberwell High School",VIC,"Government","Secondary",1119,73.3,57.21,"Camberwell"
844,"St Joseph's School",WA,"Catholic","Primary",1006,73.3,98.71,"Mukinbudin"
845,"St Joseph's Parish School",NSW,"Catholic","Primary",1011,73.29,94.4,"Griffith Surrounds"
846,"Bicton Primary School",WA,"Government","Primary",1113,73.28,82.25,"Bicton - Palmyra"
847,"Docklands Primary School",VIC,"Government","Primary",1133,73.27,59.7,"Docklands"
848,"St John's School",VIC,"Catholic","Primary",1129,73.26,70.26,"Heidelberg - Rosanna"
849,"Holy Spirit Parish School",VIC,"Catholic","Primary",1068,73.26,78.7,"Geelong West - Hamlyn Heights"
850,"Wembley Downs Primary School",WA,"Government","Primary",1134,73.26,73.63,"Wembley Downs - Churchlands - Woodlands"
851,"Yalgoo Primary School",WA,"Government","Primary",,73.26,97.84,"Meekatharra"
852,"Lake Monger Primary School",WA,"Government","Primary",1078,73.24,90.72,"Wembley - West Leederville - Glendalough"
853,"Ballarat Grammar",VIC,"Independent","Combined",1120,73.23,50.67,"Wendouree - Miners Rest"
854,"St Patrick's School",VIC,"Catholic","Primary",1096,73.2,83.01,"Ballarat"
855,"St Ambrose's School",VIC,"Catholic","Primary",1109,73.16,71.15,"Woodend"
856,"Trinity Catholic School",VIC,"Catholic","Primary",1065,73.13,75.31,"Richmond - North"
857,"St Paul's School",QLD,"Independent","Combined",1141,73.13,55.68,"Bald Hills"
858,"Currambena Primary School",NSW,"Independent","Primary",1120,73.1,55.29,"Lane Cove"
859,"Indulkana Anangu School",SA,"Government","Combined",,73.1,99.5,"APY Lands"
860,"Sacred Heart College",SA,"Catholic","Combined",1083,73.09,73.98,"Glenelg (SA)"
861,"Samford Valley Steiner School",QLD,"Independent","Combined",1103,73.08,56.75,"Samford Valley"
862,"Mary MacKillop College",SA,"Catholic","Secondary",1077,73.07,66.35,"Norwood (SA)"
863,"St Joseph's Primary School",NSW,"Catholic","Primary",1141,73.06,73.09,"Merewether - The Junction"
864,"Kilbreda College",VIC,"Catholic","Secondary",1082,73.06,67.78,"Mentone"
865,"Mungallala State School",QLD,"Government","Primary",,73.05,96.36,"Roma Surrounds"
866,"Tara Anglican School for Girls",NSW,"Independent","Combined",1175,73.03,36.97,"North Parramatta"
867,"The Gap State School",QLD,"Government","Primary",1145,73.03,67.47,"The Gap"
868,"Macedon Primary School",VIC,"Government","Primary",1109,73.02,75.65,"Macedon"
869,"Palmyra Primary School",WA,"Government","Primary",1113,73.02,82.25,"Bicton - Palmyra"
870,"Roseville College",NSW,"Independent","Combined",1191,73.01,32.12,"Lindfield - Roseville"
871,"Wandiligong Primary School",VIC,"Government","Primary",1070,73.01,60.91,"Bright - Mount Beauty"
872,"Lake Joondalup Baptist College",WA,"Independent","Combined",1102,73.01,61.25,"Joondalup - Edgewater"
873,"Amata Anangu School",SA,"Government","Combined",,73,99.5,"APY Lands"
874,"St Anne's School",VIC,"Catholic","Primary",1152,72.99,52.36,"Kew East"
875,"Coorparoo Secondary College",QLD,"Government","Secondary",1032,72.99,86.58,"Coorparoo"
876,"Sir David Brand School",WA,"Government","Special",1032,72.97,79.52,"Yokine - Coolbinia - Menora"
877,"Fairfax Public School",NSW,"Government","Primary",,72.97,94.32,"Narrabri Surrounds"
878,"Richmond West Primary School",VIC,"Government","Primary",1075,72.97,75.31,"Richmond - North"
879,"Aranmore Catholic Primary School",WA,"Catholic","Primary",1084,72.95,89.75,"Mount Hawthorn - Leederville"
880,"Barwon Heads Primary School",VIC,"Government","Primary",1120,72.94,57.55,"Barwon Heads - Armstrong Creek"
881,"Port Melbourne Primary School",VIC,"Government","Primary",1134,72.94,70.84,"Port Melbourne"
882,"Taroona Primary School",TAS,"Government","Primary",1149,72.93,63.52,"Taroona - Bonnet Hill"
883,"Aspect Riverina School",NSW,"Independent","Special",1011,72.91,91.28,"Albury - South"
884,"Oak Park Primary School",VIC,"Government","Primary",1095,72.9,67.13,"Oak Park"
885,"Melbourne Montessori College",VIC,"Independent","Combined",1137,72.89,45.83,"Caulfield - South"
886,"Jerdacuttup Primary School",WA,"Government","Primary",1003,72.89,95.7,"Esperance Surrounds"
887,"Brooklyn Park Primary School",SA,"Government","Primary",1066,72.89,75.36,"Lockleys"
888,"Eltham North Primary School",VIC,"Government","Primary",1127,72.88,67.22,"Eltham"
889,"Islamic School of Canberra",ACT,"Independent","Combined",1073,72.88,86.71,"Weston"
890,"St Pius X School",QLD,"Catholic","Primary",1093,72.87,71.02,"Salisbury - Nathan"
891,"South Melbourne Primary School",VIC,"Government","Primary",1144,72.85,47.27,"Port Melbourne Industrial"
892,"Clare Public School",NSW,"Government","Primary",1009,72.83,94.68,"Wentworth-Balranald Region"
893,"The Armidale Waldorf School",NSW,"Independent","Combined",1057,72.83,70.34,"Armidale"
894,"Virginia State School",QLD,"Government","Primary",1092,72.83,80.58,"Northgate - Virginia"
895,"Canberra High School",ACT,"Government","Secondary",1100,72.83,68.61,"Macquarie"
896,"Maylands Peninsula Primary School",WA,"Government","Primary",1086,72.77,89.02,"Maylands"
897,"Churchlands Senior High School",WA,"Government","Secondary",1115,72.76,73.63,"Wembley Downs - Churchlands - Woodlands"
898,"St Francis de Sales School",VIC,"Catholic","Primary",1085,72.75,67.13,"Oak Park"
899,"Holy Rosary School",WA,"Catholic","Primary",1128,72.75,73.63,"Wembley Downs - Churchlands - Woodlands"
900,"Ambrose Treacy College",QLD,"Catholic","Combined",1139,72.74,53.2,"Indooroopilly"
901,"St Joseph's Primary School",NSW,"Catholic","Primary",1026,72.73,84.22,"Muswellbrook Surrounds"
902,"Wonga Park Primary School",VIC,"Government","Primary",1080,72.73,73.15,"Warrandyte - Wonga Park"
903,"Black Rock Primary School",VIC,"Government","Primary",1143,72.73,68.07,"Sandringham - Black Rock"
904,"Yalata Anangu School",SA,"Government","Combined",,72.73,95.03,"West Coast (SA)"
905,"Holy Cross Catholic Primary School",NSW,"Catholic","Primary",1164,72.72,62.67,"Woollahra"
906,"St Francis Xavier Primary School",VIC,"Catholic","Primary",1122,72.72,57.13,"Montmorency - Briar Hill"
907,"Peninsula Grammar",VIC,"Independent","Combined",1125,72.72,46.44,"Mount Eliza"
908,"Mount Isa School of the Air",QLD,"Government","Combined",1009,72.72,95.46,"Mount Isa"
909,"Crafers Primary School",SA,"Government","Primary",1109,72.72,78.29,"Aldgate - Stirling"
910,"Our Lady of the Rosary School",QLD,"Catholic","Primary",1126,72.71,62.99,"Kenmore"
911,"Victoria Park Primary School",WA,"Government","Primary",1127,72.69,74.03,"Victoria Park - Lathlain - Burswood"
912,"Goldfields Baptist College",WA,"Independent","Combined",1017,72.69,95.59,"Kalgoorlie"
913,"Rosary School",SA,"Catholic","Primary",1101,72.68,78.56,"Prospect"
914,"The Alpine School",NSW,"Independent","Combined",1032,72.68,83.49,"Cooma"
915,"Snowy Mountains Grammar School",NSW,"Independent","Combined",1093,72.67,68.03,"Jindabyne - Berridale"
916,"Nicholson Street Public School",NSW,"Government","Primary",1151,72.65,69.13,"Balmain"
917,"Canobolas Public School",NSW,"Government","Primary",1098,72.65,84.62,"Orange Surrounds"
918,"Central West Leadership Academy",NSW,"Independent","Combined",1072,72.64,74.82,"Dubbo - South"
919,"Hawthorndene Primary School",SA,"Government","Primary",1108,72.63,79.02,"Blackwood"
920,"Victory Christian College",VIC,"Independent","Combined",1077,72.61,76.83,"East Bendigo - Kennington"
921,"Sandgate State School",QLD,"Government","Primary",1057,72.61,91.07,"Sandgate - Shorncliffe"
922,"Nossal High School",VIC,"Government","Secondary",1155,72.6,53.52,"Berwick - North"
923,"Sacred Heart Girls' College",VIC,"Catholic","Secondary",1102,72.6,55.92,"Hughesdale"
924,"Western Australian College Of Agriculture - Morawa",WA,"Government","Secondary",,72.59,97.25,"Morawa"
925,"Kew East Primary School",VIC,"Government","Primary",1183,72.58,52.36,"Kew East"
926,"Wimmera Lutheran College",VIC,"Independent","Combined",1038,72.57,96.98,"Nhill Region"
927,"St Jude's Primary School",ACT,"Catholic","Primary",1131,72.54,73.43,"Holder"
928,"Koonibba Aboriginal School",SA,"Government","Primary",,72.53,95.03,"West Coast (SA)"
929,"Suzanne Cory High School",VIC,"Government","Secondary",1165,72.53,48.4,"Werribee - South"
930,"Blackburn Lake Primary School",VIC,"Government","Primary",1170,72.51,49.31,"Blackburn"
931,"Woodanilling Primary School",WA,"Government","Primary",,72.51,92.99,"Katanning"
932,"Boronia Park Public School",NSW,"Government","Primary",1145,72.5,70.59,"Hunters Hill - Woolwich"
933,"Bredbo Public School",NSW,"Government","Primary",1045,72.5,78.52,"Cooma Surrounds"
934,"St Bernard's School",VIC,"Catholic","Primary",1121,72.5,48.46,"Coburg - East"
935,"Menzies Creek Primary School",VIC,"Government","Primary",1057,72.48,67.41,"Belgrave - Selby"
936,"Strathmore Secondary College",VIC,"Government","Secondary",1086,72.47,64.27,"Strathmore"
937,"Orange Grove Public School",NSW,"Government","Primary",1132,72.45,71.38,"Lilyfield - Rozelle"
938,"Selby Primary School",VIC,"Government","Primary",1109,72.45,67.41,"Belgrave - Selby"
939,"Marnoo Primary School",VIC,"Government","Primary",,72.44,92.77,"St Arnaud"
940,"St Benedict's Primary School",ACT,"Catholic","Primary",1061,72.44,84.16,"Narrabundah"
941,"Montpellier Primary School",VIC,"Government","Primary",1101,72.43,78.95,"Highton"
942,"St Joseph's Primary School",NSW,"Catholic","Primary",1016,72.4,92.06,"Albury Surrounds"
943,"Dunkeld State School",QLD,"Government","Primary",1006,72.4,96.36,"Roma Surrounds"
944,"Abbotsleigh",NSW,"Independent","Combined",1217,72.39,31.47,"Wahroonga (East) - Warrawee"
945,"The King's School",NSW,"Independent","Combined",1163,72.39,36.97,"North Parramatta"
946,"Beulah Primary School",VIC,"Government","Primary",1005,72.39,96.79,"Yarriambiack"
947,"Gold Creek School",ACT,"Government","Combined",1052,72.39,86.55,"Nicholls"
948,"Trinity Anglican College - Albury",NSW,"Independent","Combined",1102,72.38,79.36,"Albury - East"
949,"Morningside State School",QLD,"Government","Primary",1075,72.38,80.08,"Morningside - Seven Hills"
950,"Mistake Creek State School",QLD,"Government","Primary",,72.38,95.94,"Clermont"
951,"Kallista Primary School",VIC,"Government","Primary",1118,72.37,58.36,"Mount Dandenong - Olinda"
952,"Merewether Heights Public School",NSW,"Government","Primary",1129,72.36,73.09,"Merewether - The Junction"
953,"Kew Primary School",VIC,"Government","Primary",1151,72.36,61.17,"Kew - West"
954,"Aunty Agnes Shea High School",ACT,"Government","Secondary",1051,72.36,68.86,"Taylor"
955,"Ursula Frayne Catholic College",WA,"Catholic","Combined",1108,72.35,74.03,"Victoria Park - Lathlain - Burswood"
956,"Thornbury Primary School",VIC,"Government","Primary",1093,72.32,71.98,"Thornbury"
957,"Mordialloc Beach Primary School",VIC,"Government","Primary",1095,72.31,75.17,"Mordialloc - Parkdale"
958,"Scarborough Primary School",WA,"Government","Primary",1101,72.31,77.45,"Scarborough"
959,"Koolunga Primary School",SA,"Government","Primary",1013,72.31,91.48,"Port Pirie Surrounds"
960,"Cammeray Public School",NSW,"Government","Primary",1168,72.29,65.56,"Cremorne - Cammeray"
961,"Melville Primary School",WA,"Government","Primary",1119,72.29,77.49,"Melville"
962,"Glenaeon Rudolf Steiner School",NSW,"Independent","Combined",1148,72.28,34.07,"Castle Cove - Northbridge"
963,"Bell Primary School",VIC,"Government","Primary",1165,72.28,53.26,"Preston - West"
964,"Halls Gap Primary School",VIC,"Government","Primary",1017,72.25,90.09,"Stawell"
965,"Talbingo Public School",NSW,"Government","Primary",,72.24,92.63,"Tumut Surrounds"
966,"Bungaree Primary School",VIC,"Government","Primary",1030,72.24,82.15,"Gordon (Vic.)"
967,"Vale Park Primary School",SA,"Government","Primary",1097,72.22,80.03,"Walkerville"
968,"Japanese School of Melbourne",VIC,"Independent","Secondary",1091,72.2,45.83,"Caulfield - South"
969,"Double Bay Public School",NSW,"Government","Primary",1135,72.19,69.33,"Double Bay - Darling Point"
970,"St Joseph's School",SA,"Catholic","Combined",1074,72.19,81.03,"Clare"
971,"Bayswater Primary School",WA,"Government","Primary",1102,72.17,81.66,"Bayswater - Embleton - Bedford"
972,"St Malachy's School",VIC,"Catholic","Primary",1027,72.16,98.03,"West Wimmera"
973,"St Joseph's School",VIC,"Catholic","Primary",1009,72.14,96.11,"Buloke"
974,"Eromanga State School",QLD,"Government","Primary",,72.14,97.49,"Far South West"
975,"Mother Teresa School",ACT,"Catholic","Primary",1102,72.13,80.81,"Harrison"
976,"Northgate State School",QLD,"Government","Primary",1078,72.13,80.58,"Northgate - Virginia"
977,"West End State School",QLD,"Government","Primary",1143,72.12,65.76,"West End"
978,"Ngaanyatjarra Lands School",WA,"Government","Combined",,72.11,98.64,"Leinster - Leonora"
979,"Kenmore State High School",QLD,"Government","Secondary",1110,72.11,62.99,"Kenmore"
980,"Penleigh & Essendon Grammar School",VIC,"Independent","Combined",1173,72.1,32.57,"Keilor East"
981,"Taroona High School",TAS,"Government","Secondary",1119,72.07,63.52,"Taroona - Bonnet Hill"
982,"Brighton Primary School",VIC,"Government","Primary",1153,72.07,51.32,"Brighton (Vic.)"
983,"Merewether High School",NSW,"Government","Secondary",1206,72.06,52.68,"Hamilton - Broadmeadow"
984,"Cabra Dominican College",SA,"Catholic","Combined",1065,72.06,88.19,"Colonel Light Gardens"
985,"St Mary's Memorial School",SA,"Catholic","Primary",1113,72.05,73.98,"Glenelg (SA)"
986,"Woollahra Public School",NSW,"Government","Primary",1193,72.03,62.67,"Woollahra"
987,"Hyden Primary School",WA,"Government","Primary",1012,72.02,98.95,"Kulin"
988,"Bethanga Primary School",VIC,"Government","Primary",1022,72.01,88.78,"Towong"
989,"Catholic College Wodonga",VIC,"Catholic","Secondary",1054,72,79.32,"West Wodonga"
990,"Indooroopilly State High School",QLD,"Government","Secondary",1138,71.99,53.2,"Indooroopilly"
991,"Westminster School",SA,"Independent","Combined",1139,71.99,40.29,"Mitchell Park"
992,"Palmerston District Primary School",ACT,"Government","Primary",1077,71.98,71.72,"Palmerston"
993,"Warrandyte Primary School",VIC,"Government","Primary",1112,71.96,73.15,"Warrandyte - Wonga Park"
994,"Ascot Vale Heights School",VIC,"Government","Special",1021,71.96,82.96,"Ascot Vale"
995,"Yarrowitch Public School",NSW,"Government","Primary",,71.95,91.43,"Walcha"
996,"Parktone Primary School",VIC,"Government","Primary",1101,71.91,75.17,"Mordialloc - Parkdale"
997,"Lower Plenty Primary School",VIC,"Government","Primary",1093,71.9,57.13,"Montmorency - Briar Hill"
998,"Beacon Primary School",WA,"Government","Primary",1000,71.9,98.71,"Mukinbudin"
999,"Paracombe Primary and Preschool",SA,"Government","Primary",1088,71.9,76.94,"Adelaide Hills"
1000,"Kilparrin Teaching and Assessment School and Services",SA,"Government","Special",1035,71.88,73.27,"Morphettville"